AudioFileName,avgRate,minRadius,maxRadius,expRadius,volume
SDT_FluidFlow_1.wav,0.2,0.1,0.5,0.2,0.696
SDT_FluidFlow_2.wav,0.2,0.1,0.5,0.32,0.619
SDT_FluidFlow_3.wav,0.2,0.1,0.5,0.44,0.727
SDT_FluidFlow_4.wav,0.2,0.1,0.5,0.56,0.57
SDT_FluidFlow_5.wav,0.2,0.1,0.5,0.68,0.655
SDT_FluidFlow_6.wav,0.2,0.1,0.5,0.8,0.727
SDT_FluidFlow_7.wav,0.2,0.1,0.56,0.2,0.703
SDT_FluidFlow_8.wav,0.2,0.1,0.56,0.32,0.578
SDT_FluidFlow_9.wav,0.2,0.1,0.56,0.44,0.725
SDT_FluidFlow_10.wav,0.2,0.1,0.56,0.56,0.618
SDT_FluidFlow_11.wav,0.2,0.1,0.56,0.68,0.609
SDT_FluidFlow_12.wav,0.2,0.1,0.56,0.8,0.728
SDT_FluidFlow_13.wav,0.2,0.1,0.62,0.2,0.619
SDT_FluidFlow_14.wav,0.2,0.1,0.62,0.32,0.565
SDT_FluidFlow_15.wav,0.2,0.1,0.62,0.44,0.637
SDT_FluidFlow_16.wav,0.2,0.1,0.62,0.56,0.68
SDT_FluidFlow_17.wav,0.2,0.1,0.62,0.68,0.706
SDT_FluidFlow_18.wav,0.2,0.1,0.62,0.8,0.5
SDT_FluidFlow_19.wav,0.2,0.1,0.68,0.2,0.717
SDT_FluidFlow_20.wav,0.2,0.1,0.68,0.32,0.581
SDT_FluidFlow_21.wav,0.2,0.1,0.68,0.44,0.548
SDT_FluidFlow_22.wav,0.2,0.1,0.68,0.56,0.56
SDT_FluidFlow_23.wav,0.2,0.1,0.68,0.68,0.701
SDT_FluidFlow_24.wav,0.2,0.1,0.68,0.8,0.52
SDT_FluidFlow_25.wav,0.2,0.1,0.74,0.2,0.627
SDT_FluidFlow_26.wav,0.2,0.1,0.74,0.32,0.527
SDT_FluidFlow_27.wav,0.2,0.1,0.74,0.44,0.677
SDT_FluidFlow_28.wav,0.2,0.1,0.74,0.56,0.704
SDT_FluidFlow_29.wav,0.2,0.1,0.74,0.68,0.741
SDT_FluidFlow_30.wav,0.2,0.1,0.74,0.8,0.647
SDT_FluidFlow_31.wav,0.2,0.1,0.8,0.2,0.649
SDT_FluidFlow_32.wav,0.2,0.1,0.8,0.32,0.644
SDT_FluidFlow_33.wav,0.2,0.1,0.8,0.44,0.547
SDT_FluidFlow_34.wav,0.2,0.1,0.8,0.56,0.653
SDT_FluidFlow_35.wav,0.2,0.1,0.8,0.68,0.619
SDT_FluidFlow_36.wav,0.2,0.1,0.8,0.8,0.689
SDT_FluidFlow_37.wav,0.2,0.18,0.5,0.2,0.731
SDT_FluidFlow_38.wav,0.2,0.18,0.5,0.32,0.725
SDT_FluidFlow_39.wav,0.2,0.18,0.5,0.44,0.635
SDT_FluidFlow_40.wav,0.2,0.18,0.5,0.56,0.676
SDT_FluidFlow_41.wav,0.2,0.18,0.5,0.68,0.703
SDT_FluidFlow_42.wav,0.2,0.18,0.5,0.8,0.724
SDT_FluidFlow_43.wav,0.2,0.18,0.56,0.2,0.737
SDT_FluidFlow_44.wav,0.2,0.18,0.56,0.32,0.613
SDT_FluidFlow_45.wav,0.2,0.18,0.56,0.44,0.749
SDT_FluidFlow_46.wav,0.2,0.18,0.56,0.56,0.698
SDT_FluidFlow_47.wav,0.2,0.18,0.56,0.68,0.653
SDT_FluidFlow_48.wav,0.2,0.18,0.56,0.8,0.658
SDT_FluidFlow_49.wav,0.2,0.18,0.62,0.2,0.561
SDT_FluidFlow_50.wav,0.2,0.18,0.62,0.32,0.529
SDT_FluidFlow_51.wav,0.2,0.18,0.62,0.44,0.699
SDT_FluidFlow_52.wav,0.2,0.18,0.62,0.56,0.704
SDT_FluidFlow_53.wav,0.2,0.18,0.62,0.68,0.537
SDT_FluidFlow_54.wav,0.2,0.18,0.62,0.8,0.511
SDT_FluidFlow_55.wav,0.2,0.18,0.68,0.2,0.728
SDT_FluidFlow_56.wav,0.2,0.18,0.68,0.32,0.67
SDT_FluidFlow_57.wav,0.2,0.18,0.68,0.44,0.659
SDT_FluidFlow_58.wav,0.2,0.18,0.68,0.56,0.644
SDT_FluidFlow_59.wav,0.2,0.18,0.68,0.68,0.593
SDT_FluidFlow_60.wav,0.2,0.18,0.68,0.8,0.509
SDT_FluidFlow_61.wav,0.2,0.18,0.74,0.2,0.74
SDT_FluidFlow_62.wav,0.2,0.18,0.74,0.32,0.531
SDT_FluidFlow_63.wav,0.2,0.18,0.74,0.44,0.7
SDT_FluidFlow_64.wav,0.2,0.18,0.74,0.56,0.506
SDT_FluidFlow_65.wav,0.2,0.18,0.74,0.68,0.525
SDT_FluidFlow_66.wav,0.2,0.18,0.74,0.8,0.555
SDT_FluidFlow_67.wav,0.2,0.18,0.8,0.2,0.588
SDT_FluidFlow_68.wav,0.2,0.18,0.8,0.32,0.626
SDT_FluidFlow_69.wav,0.2,0.18,0.8,0.44,0.525
SDT_FluidFlow_70.wav,0.2,0.18,0.8,0.56,0.55
SDT_FluidFlow_71.wav,0.2,0.18,0.8,0.68,0.683
SDT_FluidFlow_72.wav,0.2,0.18,0.8,0.8,0.73
SDT_FluidFlow_73.wav,0.2,0.26,0.5,0.2,0.668
SDT_FluidFlow_74.wav,0.2,0.26,0.5,0.32,0.515
SDT_FluidFlow_75.wav,0.2,0.26,0.5,0.44,0.711
SDT_FluidFlow_76.wav,0.2,0.26,0.5,0.56,0.563
SDT_FluidFlow_77.wav,0.2,0.26,0.5,0.68,0.611
SDT_FluidFlow_78.wav,0.2,0.26,0.5,0.8,0.618
SDT_FluidFlow_79.wav,0.2,0.26,0.56,0.2,0.642
SDT_FluidFlow_80.wav,0.2,0.26,0.56,0.32,0.578
SDT_FluidFlow_81.wav,0.2,0.26,0.56,0.44,0.709
SDT_FluidFlow_82.wav,0.2,0.26,0.56,0.56,0.64
SDT_FluidFlow_83.wav,0.2,0.26,0.56,0.68,0.685
SDT_FluidFlow_84.wav,0.2,0.26,0.56,0.8,0.511
SDT_FluidFlow_85.wav,0.2,0.26,0.62,0.2,0.56
SDT_FluidFlow_86.wav,0.2,0.26,0.62,0.32,0.588
SDT_FluidFlow_87.wav,0.2,0.26,0.62,0.44,0.59
SDT_FluidFlow_88.wav,0.2,0.26,0.62,0.56,0.658
SDT_FluidFlow_89.wav,0.2,0.26,0.62,0.68,0.679
SDT_FluidFlow_90.wav,0.2,0.26,0.62,0.8,0.604
SDT_FluidFlow_91.wav,0.2,0.26,0.68,0.2,0.5
SDT_FluidFlow_92.wav,0.2,0.26,0.68,0.32,0.584
SDT_FluidFlow_93.wav,0.2,0.26,0.68,0.44,0.659
SDT_FluidFlow_94.wav,0.2,0.26,0.68,0.56,0.719
SDT_FluidFlow_95.wav,0.2,0.26,0.68,0.68,0.604
SDT_FluidFlow_96.wav,0.2,0.26,0.68,0.8,0.675
SDT_FluidFlow_97.wav,0.2,0.26,0.74,0.2,0.666
SDT_FluidFlow_98.wav,0.2,0.26,0.74,0.32,0.611
SDT_FluidFlow_99.wav,0.2,0.26,0.74,0.44,0.539
SDT_FluidFlow_100.wav,0.2,0.26,0.74,0.56,0.622
SDT_FluidFlow_101.wav,0.2,0.26,0.74,0.68,0.689
SDT_FluidFlow_102.wav,0.2,0.26,0.74,0.8,0.624
SDT_FluidFlow_103.wav,0.2,0.26,0.8,0.2,0.617
SDT_FluidFlow_104.wav,0.2,0.26,0.8,0.32,0.719
SDT_FluidFlow_105.wav,0.2,0.26,0.8,0.44,0.547
SDT_FluidFlow_106.wav,0.2,0.26,0.8,0.56,0.658
SDT_FluidFlow_107.wav,0.2,0.26,0.8,0.68,0.681
SDT_FluidFlow_108.wav,0.2,0.26,0.8,0.8,0.6
SDT_FluidFlow_109.wav,0.2,0.34,0.5,0.2,0.579
SDT_FluidFlow_110.wav,0.2,0.34,0.5,0.32,0.679
SDT_FluidFlow_111.wav,0.2,0.34,0.5,0.44,0.706
SDT_FluidFlow_112.wav,0.2,0.34,0.5,0.56,0.524
SDT_FluidFlow_113.wav,0.2,0.34,0.5,0.68,0.662
SDT_FluidFlow_114.wav,0.2,0.34,0.5,0.8,0.57
SDT_FluidFlow_115.wav,0.2,0.34,0.56,0.2,0.525
SDT_FluidFlow_116.wav,0.2,0.34,0.56,0.32,0.599
SDT_FluidFlow_117.wav,0.2,0.34,0.56,0.44,0.569
SDT_FluidFlow_118.wav,0.2,0.34,0.56,0.56,0.698
SDT_FluidFlow_119.wav,0.2,0.34,0.56,0.68,0.533
SDT_FluidFlow_120.wav,0.2,0.34,0.56,0.8,0.663
SDT_FluidFlow_121.wav,0.2,0.34,0.62,0.2,0.718
SDT_FluidFlow_122.wav,0.2,0.34,0.62,0.32,0.505
SDT_FluidFlow_123.wav,0.2,0.34,0.62,0.44,0.67
SDT_FluidFlow_124.wav,0.2,0.34,0.62,0.56,0.737
SDT_FluidFlow_125.wav,0.2,0.34,0.62,0.68,0.727
SDT_FluidFlow_126.wav,0.2,0.34,0.62,0.8,0.687
SDT_FluidFlow_127.wav,0.2,0.34,0.68,0.2,0.664
SDT_FluidFlow_128.wav,0.2,0.34,0.68,0.32,0.726
SDT_FluidFlow_129.wav,0.2,0.34,0.68,0.44,0.593
SDT_FluidFlow_130.wav,0.2,0.34,0.68,0.56,0.552
SDT_FluidFlow_131.wav,0.2,0.34,0.68,0.68,0.502
SDT_FluidFlow_132.wav,0.2,0.34,0.68,0.8,0.583
SDT_FluidFlow_133.wav,0.2,0.34,0.74,0.2,0.68
SDT_FluidFlow_134.wav,0.2,0.34,0.74,0.32,0.655
SDT_FluidFlow_135.wav,0.2,0.34,0.74,0.44,0.541
SDT_FluidFlow_136.wav,0.2,0.34,0.74,0.56,0.572
SDT_FluidFlow_137.wav,0.2,0.34,0.74,0.68,0.637
SDT_FluidFlow_138.wav,0.2,0.34,0.74,0.8,0.62
SDT_FluidFlow_139.wav,0.2,0.34,0.8,0.2,0.512
SDT_FluidFlow_140.wav,0.2,0.34,0.8,0.32,0.631
SDT_FluidFlow_141.wav,0.2,0.34,0.8,0.44,0.601
SDT_FluidFlow_142.wav,0.2,0.34,0.8,0.56,0.604
SDT_FluidFlow_143.wav,0.2,0.34,0.8,0.68,0.727
SDT_FluidFlow_144.wav,0.2,0.34,0.8,0.8,0.71
SDT_FluidFlow_145.wav,0.2,0.42,0.5,0.2,0.586
SDT_FluidFlow_146.wav,0.2,0.42,0.5,0.32,0.675
SDT_FluidFlow_147.wav,0.2,0.42,0.5,0.44,0.575
SDT_FluidFlow_148.wav,0.2,0.42,0.5,0.56,0.724
SDT_FluidFlow_149.wav,0.2,0.42,0.5,0.68,0.657
SDT_FluidFlow_150.wav,0.2,0.42,0.5,0.8,0.744
SDT_FluidFlow_151.wav,0.2,0.42,0.56,0.2,0.516
SDT_FluidFlow_152.wav,0.2,0.42,0.56,0.32,0.687
SDT_FluidFlow_153.wav,0.2,0.42,0.56,0.44,0.502
SDT_FluidFlow_154.wav,0.2,0.42,0.56,0.56,0.63
SDT_FluidFlow_155.wav,0.2,0.42,0.56,0.68,0.622
SDT_FluidFlow_156.wav,0.2,0.42,0.56,0.8,0.67
SDT_FluidFlow_157.wav,0.2,0.42,0.62,0.2,0.592
SDT_FluidFlow_158.wav,0.2,0.42,0.62,0.32,0.565
SDT_FluidFlow_159.wav,0.2,0.42,0.62,0.44,0.608
SDT_FluidFlow_160.wav,0.2,0.42,0.62,0.56,0.516
SDT_FluidFlow_161.wav,0.2,0.42,0.62,0.68,0.676
SDT_FluidFlow_162.wav,0.2,0.42,0.62,0.8,0.613
SDT_FluidFlow_163.wav,0.2,0.42,0.68,0.2,0.53
SDT_FluidFlow_164.wav,0.2,0.42,0.68,0.32,0.552
SDT_FluidFlow_165.wav,0.2,0.42,0.68,0.44,0.737
SDT_FluidFlow_166.wav,0.2,0.42,0.68,0.56,0.537
SDT_FluidFlow_167.wav,0.2,0.42,0.68,0.68,0.595
SDT_FluidFlow_168.wav,0.2,0.42,0.68,0.8,0.538
SDT_FluidFlow_169.wav,0.2,0.42,0.74,0.2,0.746
SDT_FluidFlow_170.wav,0.2,0.42,0.74,0.32,0.601
SDT_FluidFlow_171.wav,0.2,0.42,0.74,0.44,0.719
SDT_FluidFlow_172.wav,0.2,0.42,0.74,0.56,0.729
SDT_FluidFlow_173.wav,0.2,0.42,0.74,0.68,0.625
SDT_FluidFlow_174.wav,0.2,0.42,0.74,0.8,0.668
SDT_FluidFlow_175.wav,0.2,0.42,0.8,0.2,0.652
SDT_FluidFlow_176.wav,0.2,0.42,0.8,0.32,0.585
SDT_FluidFlow_177.wav,0.2,0.42,0.8,0.44,0.725
SDT_FluidFlow_178.wav,0.2,0.42,0.8,0.56,0.509
SDT_FluidFlow_179.wav,0.2,0.42,0.8,0.68,0.564
SDT_FluidFlow_180.wav,0.2,0.42,0.8,0.8,0.711
SDT_FluidFlow_181.wav,0.2,0.5,0.5,0.2,0.68
SDT_FluidFlow_182.wav,0.2,0.5,0.5,0.32,0.517
SDT_FluidFlow_183.wav,0.2,0.5,0.5,0.44,0.717
SDT_FluidFlow_184.wav,0.2,0.5,0.5,0.56,0.556
SDT_FluidFlow_185.wav,0.2,0.5,0.5,0.68,0.504
SDT_FluidFlow_186.wav,0.2,0.5,0.5,0.8,0.583
SDT_FluidFlow_187.wav,0.2,0.5,0.56,0.2,0.537
SDT_FluidFlow_188.wav,0.2,0.5,0.56,0.32,0.742
SDT_FluidFlow_189.wav,0.2,0.5,0.56,0.44,0.725
SDT_FluidFlow_190.wav,0.2,0.5,0.56,0.56,0.643
SDT_FluidFlow_191.wav,0.2,0.5,0.56,0.68,0.701
SDT_FluidFlow_192.wav,0.2,0.5,0.56,0.8,0.748
SDT_FluidFlow_193.wav,0.2,0.5,0.62,0.2,0.726
SDT_FluidFlow_194.wav,0.2,0.5,0.62,0.32,0.634
SDT_FluidFlow_195.wav,0.2,0.5,0.62,0.44,0.706
SDT_FluidFlow_196.wav,0.2,0.5,0.62,0.56,0.698
SDT_FluidFlow_197.wav,0.2,0.5,0.62,0.68,0.647
SDT_FluidFlow_198.wav,0.2,0.5,0.62,0.8,0.7
SDT_FluidFlow_199.wav,0.2,0.5,0.68,0.2,0.5
SDT_FluidFlow_200.wav,0.2,0.5,0.68,0.32,0.627
SDT_FluidFlow_201.wav,0.2,0.5,0.68,0.44,0.516
SDT_FluidFlow_202.wav,0.2,0.5,0.68,0.56,0.736
SDT_FluidFlow_203.wav,0.2,0.5,0.68,0.68,0.602
SDT_FluidFlow_204.wav,0.2,0.5,0.68,0.8,0.516
SDT_FluidFlow_205.wav,0.2,0.5,0.74,0.2,0.532
SDT_FluidFlow_206.wav,0.2,0.5,0.74,0.32,0.707
SDT_FluidFlow_207.wav,0.2,0.5,0.74,0.44,0.509
SDT_FluidFlow_208.wav,0.2,0.5,0.74,0.56,0.623
SDT_FluidFlow_209.wav,0.2,0.5,0.74,0.68,0.679
SDT_FluidFlow_210.wav,0.2,0.5,0.74,0.8,0.538
SDT_FluidFlow_211.wav,0.2,0.5,0.8,0.2,0.603
SDT_FluidFlow_212.wav,0.2,0.5,0.8,0.32,0.597
SDT_FluidFlow_213.wav,0.2,0.5,0.8,0.44,0.618
SDT_FluidFlow_214.wav,0.2,0.5,0.8,0.56,0.508
SDT_FluidFlow_215.wav,0.2,0.5,0.8,0.68,0.657
SDT_FluidFlow_216.wav,0.2,0.5,0.8,0.8,0.637
SDT_FluidFlow_217.wav,0.31,0.1,0.5,0.2,0.596
SDT_FluidFlow_218.wav,0.31,0.1,0.5,0.32,0.623
SDT_FluidFlow_219.wav,0.31,0.1,0.5,0.44,0.653
SDT_FluidFlow_220.wav,0.31,0.1,0.5,0.56,0.658
SDT_FluidFlow_221.wav,0.31,0.1,0.5,0.68,0.531
SDT_FluidFlow_222.wav,0.31,0.1,0.5,0.8,0.656
SDT_FluidFlow_223.wav,0.31,0.1,0.56,0.2,0.532
SDT_FluidFlow_224.wav,0.31,0.1,0.56,0.32,0.7
SDT_FluidFlow_225.wav,0.31,0.1,0.56,0.44,0.718
SDT_FluidFlow_226.wav,0.31,0.1,0.56,0.56,0.703
SDT_FluidFlow_227.wav,0.31,0.1,0.56,0.68,0.696
SDT_FluidFlow_228.wav,0.31,0.1,0.56,0.8,0.696
SDT_FluidFlow_229.wav,0.31,0.1,0.62,0.2,0.689
SDT_FluidFlow_230.wav,0.31,0.1,0.62,0.32,0.697
SDT_FluidFlow_231.wav,0.31,0.1,0.62,0.44,0.511
SDT_FluidFlow_232.wav,0.31,0.1,0.62,0.56,0.622
SDT_FluidFlow_233.wav,0.31,0.1,0.62,0.68,0.736
SDT_FluidFlow_234.wav,0.31,0.1,0.62,0.8,0.643
SDT_FluidFlow_235.wav,0.31,0.1,0.68,0.2,0.523
SDT_FluidFlow_236.wav,0.31,0.1,0.68,0.32,0.722
SDT_FluidFlow_237.wav,0.31,0.1,0.68,0.44,0.675
SDT_FluidFlow_238.wav,0.31,0.1,0.68,0.56,0.576
SDT_FluidFlow_239.wav,0.31,0.1,0.68,0.68,0.606
SDT_FluidFlow_240.wav,0.31,0.1,0.68,0.8,0.731
SDT_FluidFlow_241.wav,0.31,0.1,0.74,0.2,0.604
SDT_FluidFlow_242.wav,0.31,0.1,0.74,0.32,0.693
SDT_FluidFlow_243.wav,0.31,0.1,0.74,0.44,0.508
SDT_FluidFlow_244.wav,0.31,0.1,0.74,0.56,0.672
SDT_FluidFlow_245.wav,0.31,0.1,0.74,0.68,0.73
SDT_FluidFlow_246.wav,0.31,0.1,0.74,0.8,0.681
SDT_FluidFlow_247.wav,0.31,0.1,0.8,0.2,0.518
SDT_FluidFlow_248.wav,0.31,0.1,0.8,0.32,0.507
SDT_FluidFlow_249.wav,0.31,0.1,0.8,0.44,0.502
SDT_FluidFlow_250.wav,0.31,0.1,0.8,0.56,0.705
SDT_FluidFlow_251.wav,0.31,0.1,0.8,0.68,0.723
SDT_FluidFlow_252.wav,0.31,0.1,0.8,0.8,0.551
SDT_FluidFlow_253.wav,0.31,0.18,0.5,0.2,0.735
SDT_FluidFlow_254.wav,0.31,0.18,0.5,0.32,0.502
SDT_FluidFlow_255.wav,0.31,0.18,0.5,0.44,0.506
SDT_FluidFlow_256.wav,0.31,0.18,0.5,0.56,0.715
SDT_FluidFlow_257.wav,0.31,0.18,0.5,0.68,0.528
SDT_FluidFlow_258.wav,0.31,0.18,0.5,0.8,0.74
SDT_FluidFlow_259.wav,0.31,0.18,0.56,0.2,0.742
SDT_FluidFlow_260.wav,0.31,0.18,0.56,0.32,0.618
SDT_FluidFlow_261.wav,0.31,0.18,0.56,0.44,0.734
SDT_FluidFlow_262.wav,0.31,0.18,0.56,0.56,0.659
SDT_FluidFlow_263.wav,0.31,0.18,0.56,0.68,0.748
SDT_FluidFlow_264.wav,0.31,0.18,0.56,0.8,0.645
SDT_FluidFlow_265.wav,0.31,0.18,0.62,0.2,0.724
SDT_FluidFlow_266.wav,0.31,0.18,0.62,0.32,0.701
SDT_FluidFlow_267.wav,0.31,0.18,0.62,0.44,0.561
SDT_FluidFlow_268.wav,0.31,0.18,0.62,0.56,0.573
SDT_FluidFlow_269.wav,0.31,0.18,0.62,0.68,0.512
SDT_FluidFlow_270.wav,0.31,0.18,0.62,0.8,0.505
SDT_FluidFlow_271.wav,0.31,0.18,0.68,0.2,0.518
SDT_FluidFlow_272.wav,0.31,0.18,0.68,0.32,0.638
SDT_FluidFlow_273.wav,0.31,0.18,0.68,0.44,0.536
SDT_FluidFlow_274.wav,0.31,0.18,0.68,0.56,0.659
SDT_FluidFlow_275.wav,0.31,0.18,0.68,0.68,0.611
SDT_FluidFlow_276.wav,0.31,0.18,0.68,0.8,0.737
SDT_FluidFlow_277.wav,0.31,0.18,0.74,0.2,0.602
SDT_FluidFlow_278.wav,0.31,0.18,0.74,0.32,0.682
SDT_FluidFlow_279.wav,0.31,0.18,0.74,0.44,0.551
SDT_FluidFlow_280.wav,0.31,0.18,0.74,0.56,0.618
SDT_FluidFlow_281.wav,0.31,0.18,0.74,0.68,0.699
SDT_FluidFlow_282.wav,0.31,0.18,0.74,0.8,0.64
SDT_FluidFlow_283.wav,0.31,0.18,0.8,0.2,0.699
SDT_FluidFlow_284.wav,0.31,0.18,0.8,0.32,0.6
SDT_FluidFlow_285.wav,0.31,0.18,0.8,0.44,0.608
SDT_FluidFlow_286.wav,0.31,0.18,0.8,0.56,0.613
SDT_FluidFlow_287.wav,0.31,0.18,0.8,0.68,0.536
SDT_FluidFlow_288.wav,0.31,0.18,0.8,0.8,0.659
SDT_FluidFlow_289.wav,0.31,0.26,0.5,0.2,0.551
SDT_FluidFlow_290.wav,0.31,0.26,0.5,0.32,0.675
SDT_FluidFlow_291.wav,0.31,0.26,0.5,0.44,0.502
SDT_FluidFlow_292.wav,0.31,0.26,0.5,0.56,0.692
SDT_FluidFlow_293.wav,0.31,0.26,0.5,0.68,0.636
SDT_FluidFlow_294.wav,0.31,0.26,0.5,0.8,0.677
SDT_FluidFlow_295.wav,0.31,0.26,0.56,0.2,0.67
SDT_FluidFlow_296.wav,0.31,0.26,0.56,0.32,0.558
SDT_FluidFlow_297.wav,0.31,0.26,0.56,0.44,0.57
SDT_FluidFlow_298.wav,0.31,0.26,0.56,0.56,0.53
SDT_FluidFlow_299.wav,0.31,0.26,0.56,0.68,0.51
SDT_FluidFlow_300.wav,0.31,0.26,0.56,0.8,0.632
SDT_FluidFlow_301.wav,0.31,0.26,0.62,0.2,0.599
SDT_FluidFlow_302.wav,0.31,0.26,0.62,0.32,0.563
SDT_FluidFlow_303.wav,0.31,0.26,0.62,0.44,0.689
SDT_FluidFlow_304.wav,0.31,0.26,0.62,0.56,0.649
SDT_FluidFlow_305.wav,0.31,0.26,0.62,0.68,0.698
SDT_FluidFlow_306.wav,0.31,0.26,0.62,0.8,0.585
SDT_FluidFlow_307.wav,0.31,0.26,0.68,0.2,0.562
SDT_FluidFlow_308.wav,0.31,0.26,0.68,0.32,0.541
SDT_FluidFlow_309.wav,0.31,0.26,0.68,0.44,0.572
SDT_FluidFlow_310.wav,0.31,0.26,0.68,0.56,0.643
SDT_FluidFlow_311.wav,0.31,0.26,0.68,0.68,0.633
SDT_FluidFlow_312.wav,0.31,0.26,0.68,0.8,0.659
SDT_FluidFlow_313.wav,0.31,0.26,0.74,0.2,0.695
SDT_FluidFlow_314.wav,0.31,0.26,0.74,0.32,0.573
SDT_FluidFlow_315.wav,0.31,0.26,0.74,0.44,0.657
SDT_FluidFlow_316.wav,0.31,0.26,0.74,0.56,0.674
SDT_FluidFlow_317.wav,0.31,0.26,0.74,0.68,0.648
SDT_FluidFlow_318.wav,0.31,0.26,0.74,0.8,0.667
SDT_FluidFlow_319.wav,0.31,0.26,0.8,0.2,0.618
SDT_FluidFlow_320.wav,0.31,0.26,0.8,0.32,0.619
SDT_FluidFlow_321.wav,0.31,0.26,0.8,0.44,0.58
SDT_FluidFlow_322.wav,0.31,0.26,0.8,0.56,0.515
SDT_FluidFlow_323.wav,0.31,0.26,0.8,0.68,0.686
SDT_FluidFlow_324.wav,0.31,0.26,0.8,0.8,0.655
SDT_FluidFlow_325.wav,0.31,0.34,0.5,0.2,0.618
SDT_FluidFlow_326.wav,0.31,0.34,0.5,0.32,0.503
SDT_FluidFlow_327.wav,0.31,0.34,0.5,0.44,0.517
SDT_FluidFlow_328.wav,0.31,0.34,0.5,0.56,0.672
SDT_FluidFlow_329.wav,0.31,0.34,0.5,0.68,0.667
SDT_FluidFlow_330.wav,0.31,0.34,0.5,0.8,0.51
SDT_FluidFlow_331.wav,0.31,0.34,0.56,0.2,0.75
SDT_FluidFlow_332.wav,0.31,0.34,0.56,0.32,0.675
SDT_FluidFlow_333.wav,0.31,0.34,0.56,0.44,0.557
SDT_FluidFlow_334.wav,0.31,0.34,0.56,0.56,0.572
SDT_FluidFlow_335.wav,0.31,0.34,0.56,0.68,0.615
SDT_FluidFlow_336.wav,0.31,0.34,0.56,0.8,0.542
SDT_FluidFlow_337.wav,0.31,0.34,0.62,0.2,0.724
SDT_FluidFlow_338.wav,0.31,0.34,0.62,0.32,0.612
SDT_FluidFlow_339.wav,0.31,0.34,0.62,0.44,0.631
SDT_FluidFlow_340.wav,0.31,0.34,0.62,0.56,0.728
SDT_FluidFlow_341.wav,0.31,0.34,0.62,0.68,0.697
SDT_FluidFlow_342.wav,0.31,0.34,0.62,0.8,0.702
SDT_FluidFlow_343.wav,0.31,0.34,0.68,0.2,0.555
SDT_FluidFlow_344.wav,0.31,0.34,0.68,0.32,0.735
SDT_FluidFlow_345.wav,0.31,0.34,0.68,0.44,0.512
SDT_FluidFlow_346.wav,0.31,0.34,0.68,0.56,0.559
SDT_FluidFlow_347.wav,0.31,0.34,0.68,0.68,0.547
SDT_FluidFlow_348.wav,0.31,0.34,0.68,0.8,0.66
SDT_FluidFlow_349.wav,0.31,0.34,0.74,0.2,0.653
SDT_FluidFlow_350.wav,0.31,0.34,0.74,0.32,0.676
SDT_FluidFlow_351.wav,0.31,0.34,0.74,0.44,0.571
SDT_FluidFlow_352.wav,0.31,0.34,0.74,0.56,0.588
SDT_FluidFlow_353.wav,0.31,0.34,0.74,0.68,0.658
SDT_FluidFlow_354.wav,0.31,0.34,0.74,0.8,0.739
SDT_FluidFlow_355.wav,0.31,0.34,0.8,0.2,0.732
SDT_FluidFlow_356.wav,0.31,0.34,0.8,0.32,0.645
SDT_FluidFlow_357.wav,0.31,0.34,0.8,0.44,0.676
SDT_FluidFlow_358.wav,0.31,0.34,0.8,0.56,0.566
SDT_FluidFlow_359.wav,0.31,0.34,0.8,0.68,0.541
SDT_FluidFlow_360.wav,0.31,0.34,0.8,0.8,0.664
SDT_FluidFlow_361.wav,0.31,0.42,0.5,0.2,0.697
SDT_FluidFlow_362.wav,0.31,0.42,0.5,0.32,0.743
SDT_FluidFlow_363.wav,0.31,0.42,0.5,0.44,0.73
SDT_FluidFlow_364.wav,0.31,0.42,0.5,0.56,0.585
SDT_FluidFlow_365.wav,0.31,0.42,0.5,0.68,0.721
SDT_FluidFlow_366.wav,0.31,0.42,0.5,0.8,0.581
SDT_FluidFlow_367.wav,0.31,0.42,0.56,0.2,0.581
SDT_FluidFlow_368.wav,0.31,0.42,0.56,0.32,0.511
SDT_FluidFlow_369.wav,0.31,0.42,0.56,0.44,0.552
SDT_FluidFlow_370.wav,0.31,0.42,0.56,0.56,0.547
SDT_FluidFlow_371.wav,0.31,0.42,0.56,0.68,0.668
SDT_FluidFlow_372.wav,0.31,0.42,0.56,0.8,0.578
SDT_FluidFlow_373.wav,0.31,0.42,0.62,0.2,0.564
SDT_FluidFlow_374.wav,0.31,0.42,0.62,0.32,0.678
SDT_FluidFlow_375.wav,0.31,0.42,0.62,0.44,0.734
SDT_FluidFlow_376.wav,0.31,0.42,0.62,0.56,0.615
SDT_FluidFlow_377.wav,0.31,0.42,0.62,0.68,0.512
SDT_FluidFlow_378.wav,0.31,0.42,0.62,0.8,0.745
SDT_FluidFlow_379.wav,0.31,0.42,0.68,0.2,0.53
SDT_FluidFlow_380.wav,0.31,0.42,0.68,0.32,0.525
SDT_FluidFlow_381.wav,0.31,0.42,0.68,0.44,0.604
SDT_FluidFlow_382.wav,0.31,0.42,0.68,0.56,0.61
SDT_FluidFlow_383.wav,0.31,0.42,0.68,0.68,0.607
SDT_FluidFlow_384.wav,0.31,0.42,0.68,0.8,0.707
SDT_FluidFlow_385.wav,0.31,0.42,0.74,0.2,0.545
SDT_FluidFlow_386.wav,0.31,0.42,0.74,0.32,0.532
SDT_FluidFlow_387.wav,0.31,0.42,0.74,0.44,0.734
SDT_FluidFlow_388.wav,0.31,0.42,0.74,0.56,0.609
SDT_FluidFlow_389.wav,0.31,0.42,0.74,0.68,0.571
SDT_FluidFlow_390.wav,0.31,0.42,0.74,0.8,0.55
SDT_FluidFlow_391.wav,0.31,0.42,0.8,0.2,0.61
SDT_FluidFlow_392.wav,0.31,0.42,0.8,0.32,0.634
SDT_FluidFlow_393.wav,0.31,0.42,0.8,0.44,0.558
SDT_FluidFlow_394.wav,0.31,0.42,0.8,0.56,0.696
SDT_FluidFlow_395.wav,0.31,0.42,0.8,0.68,0.683
SDT_FluidFlow_396.wav,0.31,0.42,0.8,0.8,0.571
SDT_FluidFlow_397.wav,0.31,0.5,0.5,0.2,0.665
SDT_FluidFlow_398.wav,0.31,0.5,0.5,0.32,0.629
SDT_FluidFlow_399.wav,0.31,0.5,0.5,0.44,0.53
SDT_FluidFlow_400.wav,0.31,0.5,0.5,0.56,0.53
SDT_FluidFlow_401.wav,0.31,0.5,0.5,0.68,0.59
SDT_FluidFlow_402.wav,0.31,0.5,0.5,0.8,0.676
SDT_FluidFlow_403.wav,0.31,0.5,0.56,0.2,0.555
SDT_FluidFlow_404.wav,0.31,0.5,0.56,0.32,0.56
SDT_FluidFlow_405.wav,0.31,0.5,0.56,0.44,0.669
SDT_FluidFlow_406.wav,0.31,0.5,0.56,0.56,0.657
SDT_FluidFlow_407.wav,0.31,0.5,0.56,0.68,0.543
SDT_FluidFlow_408.wav,0.31,0.5,0.56,0.8,0.638
SDT_FluidFlow_409.wav,0.31,0.5,0.62,0.2,0.646
SDT_FluidFlow_410.wav,0.31,0.5,0.62,0.32,0.532
SDT_FluidFlow_411.wav,0.31,0.5,0.62,0.44,0.744
SDT_FluidFlow_412.wav,0.31,0.5,0.62,0.56,0.519
SDT_FluidFlow_413.wav,0.31,0.5,0.62,0.68,0.695
SDT_FluidFlow_414.wav,0.31,0.5,0.62,0.8,0.642
SDT_FluidFlow_415.wav,0.31,0.5,0.68,0.2,0.553
SDT_FluidFlow_416.wav,0.31,0.5,0.68,0.32,0.704
SDT_FluidFlow_417.wav,0.31,0.5,0.68,0.44,0.588
SDT_FluidFlow_418.wav,0.31,0.5,0.68,0.56,0.657
SDT_FluidFlow_419.wav,0.31,0.5,0.68,0.68,0.527
SDT_FluidFlow_420.wav,0.31,0.5,0.68,0.8,0.632
SDT_FluidFlow_421.wav,0.31,0.5,0.74,0.2,0.614
SDT_FluidFlow_422.wav,0.31,0.5,0.74,0.32,0.555
SDT_FluidFlow_423.wav,0.31,0.5,0.74,0.44,0.665
SDT_FluidFlow_424.wav,0.31,0.5,0.74,0.56,0.738
SDT_FluidFlow_425.wav,0.31,0.5,0.74,0.68,0.578
SDT_FluidFlow_426.wav,0.31,0.5,0.74,0.8,0.565
SDT_FluidFlow_427.wav,0.31,0.5,0.8,0.2,0.676
SDT_FluidFlow_428.wav,0.31,0.5,0.8,0.32,0.696
SDT_FluidFlow_429.wav,0.31,0.5,0.8,0.44,0.515
SDT_FluidFlow_430.wav,0.31,0.5,0.8,0.56,0.682
SDT_FluidFlow_431.wav,0.31,0.5,0.8,0.68,0.586
SDT_FluidFlow_432.wav,0.31,0.5,0.8,0.8,0.681
SDT_FluidFlow_433.wav,0.42,0.1,0.5,0.2,0.565
SDT_FluidFlow_434.wav,0.42,0.1,0.5,0.32,0.576
SDT_FluidFlow_435.wav,0.42,0.1,0.5,0.44,0.635
SDT_FluidFlow_436.wav,0.42,0.1,0.5,0.56,0.538
SDT_FluidFlow_437.wav,0.42,0.1,0.5,0.68,0.657
SDT_FluidFlow_438.wav,0.42,0.1,0.5,0.8,0.511
SDT_FluidFlow_439.wav,0.42,0.1,0.56,0.2,0.663
SDT_FluidFlow_440.wav,0.42,0.1,0.56,0.32,0.516
SDT_FluidFlow_441.wav,0.42,0.1,0.56,0.44,0.606
SDT_FluidFlow_442.wav,0.42,0.1,0.56,0.56,0.554
SDT_FluidFlow_443.wav,0.42,0.1,0.56,0.68,0.59
SDT_FluidFlow_444.wav,0.42,0.1,0.56,0.8,0.582
SDT_FluidFlow_445.wav,0.42,0.1,0.62,0.2,0.687
SDT_FluidFlow_446.wav,0.42,0.1,0.62,0.32,0.602
SDT_FluidFlow_447.wav,0.42,0.1,0.62,0.44,0.633
SDT_FluidFlow_448.wav,0.42,0.1,0.62,0.56,0.672
SDT_FluidFlow_449.wav,0.42,0.1,0.62,0.68,0.51
SDT_FluidFlow_450.wav,0.42,0.1,0.62,0.8,0.602
SDT_FluidFlow_451.wav,0.42,0.1,0.68,0.2,0.501
SDT_FluidFlow_452.wav,0.42,0.1,0.68,0.32,0.717
SDT_FluidFlow_453.wav,0.42,0.1,0.68,0.44,0.683
SDT_FluidFlow_454.wav,0.42,0.1,0.68,0.56,0.583
SDT_FluidFlow_455.wav,0.42,0.1,0.68,0.68,0.705
SDT_FluidFlow_456.wav,0.42,0.1,0.68,0.8,0.505
SDT_FluidFlow_457.wav,0.42,0.1,0.74,0.2,0.542
SDT_FluidFlow_458.wav,0.42,0.1,0.74,0.32,0.671
SDT_FluidFlow_459.wav,0.42,0.1,0.74,0.44,0.52
SDT_FluidFlow_460.wav,0.42,0.1,0.74,0.56,0.649
SDT_FluidFlow_461.wav,0.42,0.1,0.74,0.68,0.614
SDT_FluidFlow_462.wav,0.42,0.1,0.74,0.8,0.65
SDT_FluidFlow_463.wav,0.42,0.1,0.8,0.2,0.701
SDT_FluidFlow_464.wav,0.42,0.1,0.8,0.32,0.507
SDT_FluidFlow_465.wav,0.42,0.1,0.8,0.44,0.509
SDT_FluidFlow_466.wav,0.42,0.1,0.8,0.56,0.573
SDT_FluidFlow_467.wav,0.42,0.1,0.8,0.68,0.559
SDT_FluidFlow_468.wav,0.42,0.1,0.8,0.8,0.684
SDT_FluidFlow_469.wav,0.42,0.18,0.5,0.2,0.567
SDT_FluidFlow_470.wav,0.42,0.18,0.5,0.32,0.598
SDT_FluidFlow_471.wav,0.42,0.18,0.5,0.44,0.725
SDT_FluidFlow_472.wav,0.42,0.18,0.5,0.56,0.744
SDT_FluidFlow_473.wav,0.42,0.18,0.5,0.68,0.643
SDT_FluidFlow_474.wav,0.42,0.18,0.5,0.8,0.672
SDT_FluidFlow_475.wav,0.42,0.18,0.56,0.2,0.68
SDT_FluidFlow_476.wav,0.42,0.18,0.56,0.32,0.624
SDT_FluidFlow_477.wav,0.42,0.18,0.56,0.44,0.685
SDT_FluidFlow_478.wav,0.42,0.18,0.56,0.56,0.67
SDT_FluidFlow_479.wav,0.42,0.18,0.56,0.68,0.694
SDT_FluidFlow_480.wav,0.42,0.18,0.56,0.8,0.672
SDT_FluidFlow_481.wav,0.42,0.18,0.62,0.2,0.632
SDT_FluidFlow_482.wav,0.42,0.18,0.62,0.32,0.745
SDT_FluidFlow_483.wav,0.42,0.18,0.62,0.44,0.552
SDT_FluidFlow_484.wav,0.42,0.18,0.62,0.56,0.582
SDT_FluidFlow_485.wav,0.42,0.18,0.62,0.68,0.731
SDT_FluidFlow_486.wav,0.42,0.18,0.62,0.8,0.68
SDT_FluidFlow_487.wav,0.42,0.18,0.68,0.2,0.588
SDT_FluidFlow_488.wav,0.42,0.18,0.68,0.32,0.725
SDT_FluidFlow_489.wav,0.42,0.18,0.68,0.44,0.687
SDT_FluidFlow_490.wav,0.42,0.18,0.68,0.56,0.704
SDT_FluidFlow_491.wav,0.42,0.18,0.68,0.68,0.738
SDT_FluidFlow_492.wav,0.42,0.18,0.68,0.8,0.656
SDT_FluidFlow_493.wav,0.42,0.18,0.74,0.2,0.696
SDT_FluidFlow_494.wav,0.42,0.18,0.74,0.32,0.747
SDT_FluidFlow_495.wav,0.42,0.18,0.74,0.44,0.535
SDT_FluidFlow_496.wav,0.42,0.18,0.74,0.56,0.531
SDT_FluidFlow_497.wav,0.42,0.18,0.74,0.68,0.737
SDT_FluidFlow_498.wav,0.42,0.18,0.74,0.8,0.737
SDT_FluidFlow_499.wav,0.42,0.18,0.8,0.2,0.695
SDT_FluidFlow_500.wav,0.42,0.18,0.8,0.32,0.547
SDT_FluidFlow_501.wav,0.42,0.18,0.8,0.44,0.606
SDT_FluidFlow_502.wav,0.42,0.18,0.8,0.56,0.543
SDT_FluidFlow_503.wav,0.42,0.18,0.8,0.68,0.665
SDT_FluidFlow_504.wav,0.42,0.18,0.8,0.8,0.528
SDT_FluidFlow_505.wav,0.42,0.26,0.5,0.2,0.699
SDT_FluidFlow_506.wav,0.42,0.26,0.5,0.32,0.689
SDT_FluidFlow_507.wav,0.42,0.26,0.5,0.44,0.571
SDT_FluidFlow_508.wav,0.42,0.26,0.5,0.56,0.748
SDT_FluidFlow_509.wav,0.42,0.26,0.5,0.68,0.737
SDT_FluidFlow_510.wav,0.42,0.26,0.5,0.8,0.639
SDT_FluidFlow_511.wav,0.42,0.26,0.56,0.2,0.547
SDT_FluidFlow_512.wav,0.42,0.26,0.56,0.32,0.698
SDT_FluidFlow_513.wav,0.42,0.26,0.56,0.44,0.688
SDT_FluidFlow_514.wav,0.42,0.26,0.56,0.56,0.665
SDT_FluidFlow_515.wav,0.42,0.26,0.56,0.68,0.641
SDT_FluidFlow_516.wav,0.42,0.26,0.56,0.8,0.737
SDT_FluidFlow_517.wav,0.42,0.26,0.62,0.2,0.603
SDT_FluidFlow_518.wav,0.42,0.26,0.62,0.32,0.701
SDT_FluidFlow_519.wav,0.42,0.26,0.62,0.44,0.504
SDT_FluidFlow_520.wav,0.42,0.26,0.62,0.56,0.735
SDT_FluidFlow_521.wav,0.42,0.26,0.62,0.68,0.658
SDT_FluidFlow_522.wav,0.42,0.26,0.62,0.8,0.624
SDT_FluidFlow_523.wav,0.42,0.26,0.68,0.2,0.562
SDT_FluidFlow_524.wav,0.42,0.26,0.68,0.32,0.569
SDT_FluidFlow_525.wav,0.42,0.26,0.68,0.44,0.732
SDT_FluidFlow_526.wav,0.42,0.26,0.68,0.56,0.612
SDT_FluidFlow_527.wav,0.42,0.26,0.68,0.68,0.612
SDT_FluidFlow_528.wav,0.42,0.26,0.68,0.8,0.702
SDT_FluidFlow_529.wav,0.42,0.26,0.74,0.2,0.74
SDT_FluidFlow_530.wav,0.42,0.26,0.74,0.32,0.731
SDT_FluidFlow_531.wav,0.42,0.26,0.74,0.44,0.659
SDT_FluidFlow_532.wav,0.42,0.26,0.74,0.56,0.563
SDT_FluidFlow_533.wav,0.42,0.26,0.74,0.68,0.693
SDT_FluidFlow_534.wav,0.42,0.26,0.74,0.8,0.523
SDT_FluidFlow_535.wav,0.42,0.26,0.8,0.2,0.503
SDT_FluidFlow_536.wav,0.42,0.26,0.8,0.32,0.691
SDT_FluidFlow_537.wav,0.42,0.26,0.8,0.44,0.694
SDT_FluidFlow_538.wav,0.42,0.26,0.8,0.56,0.597
SDT_FluidFlow_539.wav,0.42,0.26,0.8,0.68,0.51
SDT_FluidFlow_540.wav,0.42,0.26,0.8,0.8,0.707
SDT_FluidFlow_541.wav,0.42,0.34,0.5,0.2,0.678
SDT_FluidFlow_542.wav,0.42,0.34,0.5,0.32,0.506
SDT_FluidFlow_543.wav,0.42,0.34,0.5,0.44,0.63
SDT_FluidFlow_544.wav,0.42,0.34,0.5,0.56,0.641
SDT_FluidFlow_545.wav,0.42,0.34,0.5,0.68,0.501
SDT_FluidFlow_546.wav,0.42,0.34,0.5,0.8,0.528
SDT_FluidFlow_547.wav,0.42,0.34,0.56,0.2,0.511
SDT_FluidFlow_548.wav,0.42,0.34,0.56,0.32,0.711
SDT_FluidFlow_549.wav,0.42,0.34,0.56,0.44,0.579
SDT_FluidFlow_550.wav,0.42,0.34,0.56,0.56,0.746
SDT_FluidFlow_551.wav,0.42,0.34,0.56,0.68,0.569
SDT_FluidFlow_552.wav,0.42,0.34,0.56,0.8,0.649
SDT_FluidFlow_553.wav,0.42,0.34,0.62,0.2,0.577
SDT_FluidFlow_554.wav,0.42,0.34,0.62,0.32,0.531
SDT_FluidFlow_555.wav,0.42,0.34,0.62,0.44,0.62
SDT_FluidFlow_556.wav,0.42,0.34,0.62,0.56,0.691
SDT_FluidFlow_557.wav,0.42,0.34,0.62,0.68,0.706
SDT_FluidFlow_558.wav,0.42,0.34,0.62,0.8,0.639
SDT_FluidFlow_559.wav,0.42,0.34,0.68,0.2,0.658
SDT_FluidFlow_560.wav,0.42,0.34,0.68,0.32,0.586
SDT_FluidFlow_561.wav,0.42,0.34,0.68,0.44,0.521
SDT_FluidFlow_562.wav,0.42,0.34,0.68,0.56,0.703
SDT_FluidFlow_563.wav,0.42,0.34,0.68,0.68,0.565
SDT_FluidFlow_564.wav,0.42,0.34,0.68,0.8,0.563
SDT_FluidFlow_565.wav,0.42,0.34,0.74,0.2,0.734
SDT_FluidFlow_566.wav,0.42,0.34,0.74,0.32,0.539
SDT_FluidFlow_567.wav,0.42,0.34,0.74,0.44,0.638
SDT_FluidFlow_568.wav,0.42,0.34,0.74,0.56,0.646
SDT_FluidFlow_569.wav,0.42,0.34,0.74,0.68,0.508
SDT_FluidFlow_570.wav,0.42,0.34,0.74,0.8,0.704
SDT_FluidFlow_571.wav,0.42,0.34,0.8,0.2,0.662
SDT_FluidFlow_572.wav,0.42,0.34,0.8,0.32,0.56
SDT_FluidFlow_573.wav,0.42,0.34,0.8,0.44,0.54
SDT_FluidFlow_574.wav,0.42,0.34,0.8,0.56,0.664
SDT_FluidFlow_575.wav,0.42,0.34,0.8,0.68,0.639
SDT_FluidFlow_576.wav,0.42,0.34,0.8,0.8,0.705
SDT_FluidFlow_577.wav,0.42,0.42,0.5,0.2,0.703
SDT_FluidFlow_578.wav,0.42,0.42,0.5,0.32,0.607
SDT_FluidFlow_579.wav,0.42,0.42,0.5,0.44,0.613
SDT_FluidFlow_580.wav,0.42,0.42,0.5,0.56,0.628
SDT_FluidFlow_581.wav,0.42,0.42,0.5,0.68,0.715
SDT_FluidFlow_582.wav,0.42,0.42,0.5,0.8,0.579
SDT_FluidFlow_583.wav,0.42,0.42,0.56,0.2,0.683
SDT_FluidFlow_584.wav,0.42,0.42,0.56,0.32,0.721
SDT_FluidFlow_585.wav,0.42,0.42,0.56,0.44,0.603
SDT_FluidFlow_586.wav,0.42,0.42,0.56,0.56,0.578
SDT_FluidFlow_587.wav,0.42,0.42,0.56,0.68,0.513
SDT_FluidFlow_588.wav,0.42,0.42,0.56,0.8,0.678
SDT_FluidFlow_589.wav,0.42,0.42,0.62,0.2,0.709
SDT_FluidFlow_590.wav,0.42,0.42,0.62,0.32,0.514
SDT_FluidFlow_591.wav,0.42,0.42,0.62,0.44,0.725
SDT_FluidFlow_592.wav,0.42,0.42,0.62,0.56,0.668
SDT_FluidFlow_593.wav,0.42,0.42,0.62,0.68,0.701
SDT_FluidFlow_594.wav,0.42,0.42,0.62,0.8,0.508
SDT_FluidFlow_595.wav,0.42,0.42,0.68,0.2,0.548
SDT_FluidFlow_596.wav,0.42,0.42,0.68,0.32,0.589
SDT_FluidFlow_597.wav,0.42,0.42,0.68,0.44,0.588
SDT_FluidFlow_598.wav,0.42,0.42,0.68,0.56,0.654
SDT_FluidFlow_599.wav,0.42,0.42,0.68,0.68,0.503
SDT_FluidFlow_600.wav,0.42,0.42,0.68,0.8,0.639
SDT_FluidFlow_601.wav,0.42,0.42,0.74,0.2,0.624
SDT_FluidFlow_602.wav,0.42,0.42,0.74,0.32,0.513
SDT_FluidFlow_603.wav,0.42,0.42,0.74,0.44,0.698
SDT_FluidFlow_604.wav,0.42,0.42,0.74,0.56,0.566
SDT_FluidFlow_605.wav,0.42,0.42,0.74,0.68,0.524
SDT_FluidFlow_606.wav,0.42,0.42,0.74,0.8,0.583
SDT_FluidFlow_607.wav,0.42,0.42,0.8,0.2,0.618
SDT_FluidFlow_608.wav,0.42,0.42,0.8,0.32,0.727
SDT_FluidFlow_609.wav,0.42,0.42,0.8,0.44,0.572
SDT_FluidFlow_610.wav,0.42,0.42,0.8,0.56,0.594
SDT_FluidFlow_611.wav,0.42,0.42,0.8,0.68,0.637
SDT_FluidFlow_612.wav,0.42,0.42,0.8,0.8,0.544
SDT_FluidFlow_613.wav,0.42,0.5,0.5,0.2,0.66
SDT_FluidFlow_614.wav,0.42,0.5,0.5,0.32,0.72
SDT_FluidFlow_615.wav,0.42,0.5,0.5,0.44,0.736
SDT_FluidFlow_616.wav,0.42,0.5,0.5,0.56,0.722
SDT_FluidFlow_617.wav,0.42,0.5,0.5,0.68,0.511
SDT_FluidFlow_618.wav,0.42,0.5,0.5,0.8,0.57
SDT_FluidFlow_619.wav,0.42,0.5,0.56,0.2,0.56
SDT_FluidFlow_620.wav,0.42,0.5,0.56,0.32,0.72
SDT_FluidFlow_621.wav,0.42,0.5,0.56,0.44,0.719
SDT_FluidFlow_622.wav,0.42,0.5,0.56,0.56,0.641
SDT_FluidFlow_623.wav,0.42,0.5,0.56,0.68,0.733
SDT_FluidFlow_624.wav,0.42,0.5,0.56,0.8,0.597
SDT_FluidFlow_625.wav,0.42,0.5,0.62,0.2,0.75
SDT_FluidFlow_626.wav,0.42,0.5,0.62,0.32,0.706
SDT_FluidFlow_627.wav,0.42,0.5,0.62,0.44,0.51
SDT_FluidFlow_628.wav,0.42,0.5,0.62,0.56,0.528
SDT_FluidFlow_629.wav,0.42,0.5,0.62,0.68,0.695
SDT_FluidFlow_630.wav,0.42,0.5,0.62,0.8,0.595
SDT_FluidFlow_631.wav,0.42,0.5,0.68,0.2,0.609
SDT_FluidFlow_632.wav,0.42,0.5,0.68,0.32,0.583
SDT_FluidFlow_633.wav,0.42,0.5,0.68,0.44,0.534
SDT_FluidFlow_634.wav,0.42,0.5,0.68,0.56,0.633
SDT_FluidFlow_635.wav,0.42,0.5,0.68,0.68,0.602
SDT_FluidFlow_636.wav,0.42,0.5,0.68,0.8,0.742
SDT_FluidFlow_637.wav,0.42,0.5,0.74,0.2,0.609
SDT_FluidFlow_638.wav,0.42,0.5,0.74,0.32,0.556
SDT_FluidFlow_639.wav,0.42,0.5,0.74,0.44,0.661
SDT_FluidFlow_640.wav,0.42,0.5,0.74,0.56,0.645
SDT_FluidFlow_641.wav,0.42,0.5,0.74,0.68,0.749
SDT_FluidFlow_642.wav,0.42,0.5,0.74,0.8,0.593
SDT_FluidFlow_643.wav,0.42,0.5,0.8,0.2,0.653
SDT_FluidFlow_644.wav,0.42,0.5,0.8,0.32,0.559
SDT_FluidFlow_645.wav,0.42,0.5,0.8,0.44,0.58
SDT_FluidFlow_646.wav,0.42,0.5,0.8,0.56,0.741
SDT_FluidFlow_647.wav,0.42,0.5,0.8,0.68,0.719
SDT_FluidFlow_648.wav,0.42,0.5,0.8,0.8,0.678
SDT_FluidFlow_649.wav,0.53,0.1,0.5,0.2,0.605
SDT_FluidFlow_650.wav,0.53,0.1,0.5,0.32,0.598
SDT_FluidFlow_651.wav,0.53,0.1,0.5,0.44,0.678
SDT_FluidFlow_652.wav,0.53,0.1,0.5,0.56,0.54
SDT_FluidFlow_653.wav,0.53,0.1,0.5,0.68,0.603
SDT_FluidFlow_654.wav,0.53,0.1,0.5,0.8,0.749
SDT_FluidFlow_655.wav,0.53,0.1,0.56,0.2,0.626
SDT_FluidFlow_656.wav,0.53,0.1,0.56,0.32,0.586
SDT_FluidFlow_657.wav,0.53,0.1,0.56,0.44,0.692
SDT_FluidFlow_658.wav,0.53,0.1,0.56,0.56,0.688
SDT_FluidFlow_659.wav,0.53,0.1,0.56,0.68,0.739
SDT_FluidFlow_660.wav,0.53,0.1,0.56,0.8,0.646
SDT_FluidFlow_661.wav,0.53,0.1,0.62,0.2,0.659
SDT_FluidFlow_662.wav,0.53,0.1,0.62,0.32,0.608
SDT_FluidFlow_663.wav,0.53,0.1,0.62,0.44,0.567
SDT_FluidFlow_664.wav,0.53,0.1,0.62,0.56,0.587
SDT_FluidFlow_665.wav,0.53,0.1,0.62,0.68,0.653
SDT_FluidFlow_666.wav,0.53,0.1,0.62,0.8,0.608
SDT_FluidFlow_667.wav,0.53,0.1,0.68,0.2,0.519
SDT_FluidFlow_668.wav,0.53,0.1,0.68,0.32,0.67
SDT_FluidFlow_669.wav,0.53,0.1,0.68,0.44,0.636
SDT_FluidFlow_670.wav,0.53,0.1,0.68,0.56,0.542
SDT_FluidFlow_671.wav,0.53,0.1,0.68,0.68,0.557
SDT_FluidFlow_672.wav,0.53,0.1,0.68,0.8,0.705
SDT_FluidFlow_673.wav,0.53,0.1,0.74,0.2,0.72
SDT_FluidFlow_674.wav,0.53,0.1,0.74,0.32,0.679
SDT_FluidFlow_675.wav,0.53,0.1,0.74,0.44,0.53
SDT_FluidFlow_676.wav,0.53,0.1,0.74,0.56,0.714
SDT_FluidFlow_677.wav,0.53,0.1,0.74,0.68,0.716
SDT_FluidFlow_678.wav,0.53,0.1,0.74,0.8,0.586
SDT_FluidFlow_679.wav,0.53,0.1,0.8,0.2,0.583
SDT_FluidFlow_680.wav,0.53,0.1,0.8,0.32,0.728
SDT_FluidFlow_681.wav,0.53,0.1,0.8,0.44,0.686
SDT_FluidFlow_682.wav,0.53,0.1,0.8,0.56,0.72
SDT_FluidFlow_683.wav,0.53,0.1,0.8,0.68,0.587
SDT_FluidFlow_684.wav,0.53,0.1,0.8,0.8,0.628
SDT_FluidFlow_685.wav,0.53,0.18,0.5,0.2,0.749
SDT_FluidFlow_686.wav,0.53,0.18,0.5,0.32,0.671
SDT_FluidFlow_687.wav,0.53,0.18,0.5,0.44,0.501
SDT_FluidFlow_688.wav,0.53,0.18,0.5,0.56,0.676
SDT_FluidFlow_689.wav,0.53,0.18,0.5,0.68,0.629
SDT_FluidFlow_690.wav,0.53,0.18,0.5,0.8,0.662
SDT_FluidFlow_691.wav,0.53,0.18,0.56,0.2,0.661
SDT_FluidFlow_692.wav,0.53,0.18,0.56,0.32,0.528
SDT_FluidFlow_693.wav,0.53,0.18,0.56,0.44,0.654
SDT_FluidFlow_694.wav,0.53,0.18,0.56,0.56,0.698
SDT_FluidFlow_695.wav,0.53,0.18,0.56,0.68,0.723
SDT_FluidFlow_696.wav,0.53,0.18,0.56,0.8,0.62
SDT_FluidFlow_697.wav,0.53,0.18,0.62,0.2,0.613
SDT_FluidFlow_698.wav,0.53,0.18,0.62,0.32,0.563
SDT_FluidFlow_699.wav,0.53,0.18,0.62,0.44,0.694
SDT_FluidFlow_700.wav,0.53,0.18,0.62,0.56,0.64
SDT_FluidFlow_701.wav,0.53,0.18,0.62,0.68,0.519
SDT_FluidFlow_702.wav,0.53,0.18,0.62,0.8,0.73
SDT_FluidFlow_703.wav,0.53,0.18,0.68,0.2,0.707
SDT_FluidFlow_704.wav,0.53,0.18,0.68,0.32,0.72
SDT_FluidFlow_705.wav,0.53,0.18,0.68,0.44,0.652
SDT_FluidFlow_706.wav,0.53,0.18,0.68,0.56,0.677
SDT_FluidFlow_707.wav,0.53,0.18,0.68,0.68,0.505
SDT_FluidFlow_708.wav,0.53,0.18,0.68,0.8,0.597
SDT_FluidFlow_709.wav,0.53,0.18,0.74,0.2,0.641
SDT_FluidFlow_710.wav,0.53,0.18,0.74,0.32,0.732
SDT_FluidFlow_711.wav,0.53,0.18,0.74,0.44,0.647
SDT_FluidFlow_712.wav,0.53,0.18,0.74,0.56,0.627
SDT_FluidFlow_713.wav,0.53,0.18,0.74,0.68,0.62
SDT_FluidFlow_714.wav,0.53,0.18,0.74,0.8,0.708
SDT_FluidFlow_715.wav,0.53,0.18,0.8,0.2,0.661
SDT_FluidFlow_716.wav,0.53,0.18,0.8,0.32,0.545
SDT_FluidFlow_717.wav,0.53,0.18,0.8,0.44,0.54
SDT_FluidFlow_718.wav,0.53,0.18,0.8,0.56,0.708
SDT_FluidFlow_719.wav,0.53,0.18,0.8,0.68,0.517
SDT_FluidFlow_720.wav,0.53,0.18,0.8,0.8,0.598
SDT_FluidFlow_721.wav,0.53,0.26,0.5,0.2,0.639
SDT_FluidFlow_722.wav,0.53,0.26,0.5,0.32,0.557
SDT_FluidFlow_723.wav,0.53,0.26,0.5,0.44,0.535
SDT_FluidFlow_724.wav,0.53,0.26,0.5,0.56,0.535
SDT_FluidFlow_725.wav,0.53,0.26,0.5,0.68,0.706
SDT_FluidFlow_726.wav,0.53,0.26,0.5,0.8,0.64
SDT_FluidFlow_727.wav,0.53,0.26,0.56,0.2,0.716
SDT_FluidFlow_728.wav,0.53,0.26,0.56,0.32,0.689
SDT_FluidFlow_729.wav,0.53,0.26,0.56,0.44,0.673
SDT_FluidFlow_730.wav,0.53,0.26,0.56,0.56,0.64
SDT_FluidFlow_731.wav,0.53,0.26,0.56,0.68,0.586
SDT_FluidFlow_732.wav,0.53,0.26,0.56,0.8,0.501
SDT_FluidFlow_733.wav,0.53,0.26,0.62,0.2,0.71
SDT_FluidFlow_734.wav,0.53,0.26,0.62,0.32,0.556
SDT_FluidFlow_735.wav,0.53,0.26,0.62,0.44,0.737
SDT_FluidFlow_736.wav,0.53,0.26,0.62,0.56,0.585
SDT_FluidFlow_737.wav,0.53,0.26,0.62,0.68,0.643
SDT_FluidFlow_738.wav,0.53,0.26,0.62,0.8,0.592
SDT_FluidFlow_739.wav,0.53,0.26,0.68,0.2,0.69
SDT_FluidFlow_740.wav,0.53,0.26,0.68,0.32,0.734
SDT_FluidFlow_741.wav,0.53,0.26,0.68,0.44,0.62
SDT_FluidFlow_742.wav,0.53,0.26,0.68,0.56,0.59
SDT_FluidFlow_743.wav,0.53,0.26,0.68,0.68,0.532
SDT_FluidFlow_744.wav,0.53,0.26,0.68,0.8,0.6
SDT_FluidFlow_745.wav,0.53,0.26,0.74,0.2,0.618
SDT_FluidFlow_746.wav,0.53,0.26,0.74,0.32,0.593
SDT_FluidFlow_747.wav,0.53,0.26,0.74,0.44,0.608
SDT_FluidFlow_748.wav,0.53,0.26,0.74,0.56,0.6
SDT_FluidFlow_749.wav,0.53,0.26,0.74,0.68,0.748
SDT_FluidFlow_750.wav,0.53,0.26,0.74,0.8,0.62
SDT_FluidFlow_751.wav,0.53,0.26,0.8,0.2,0.611
SDT_FluidFlow_752.wav,0.53,0.26,0.8,0.32,0.561
SDT_FluidFlow_753.wav,0.53,0.26,0.8,0.44,0.739
SDT_FluidFlow_754.wav,0.53,0.26,0.8,0.56,0.527
SDT_FluidFlow_755.wav,0.53,0.26,0.8,0.68,0.597
SDT_FluidFlow_756.wav,0.53,0.26,0.8,0.8,0.745
SDT_FluidFlow_757.wav,0.53,0.34,0.5,0.2,0.641
SDT_FluidFlow_758.wav,0.53,0.34,0.5,0.32,0.669
SDT_FluidFlow_759.wav,0.53,0.34,0.5,0.44,0.622
SDT_FluidFlow_760.wav,0.53,0.34,0.5,0.56,0.671
SDT_FluidFlow_761.wav,0.53,0.34,0.5,0.68,0.579
SDT_FluidFlow_762.wav,0.53,0.34,0.5,0.8,0.557
SDT_FluidFlow_763.wav,0.53,0.34,0.56,0.2,0.746
SDT_FluidFlow_764.wav,0.53,0.34,0.56,0.32,0.51
SDT_FluidFlow_765.wav,0.53,0.34,0.56,0.44,0.55
SDT_FluidFlow_766.wav,0.53,0.34,0.56,0.56,0.528
SDT_FluidFlow_767.wav,0.53,0.34,0.56,0.68,0.591
SDT_FluidFlow_768.wav,0.53,0.34,0.56,0.8,0.511
SDT_FluidFlow_769.wav,0.53,0.34,0.62,0.2,0.501
SDT_FluidFlow_770.wav,0.53,0.34,0.62,0.32,0.651
SDT_FluidFlow_771.wav,0.53,0.34,0.62,0.44,0.55
SDT_FluidFlow_772.wav,0.53,0.34,0.62,0.56,0.549
SDT_FluidFlow_773.wav,0.53,0.34,0.62,0.68,0.724
SDT_FluidFlow_774.wav,0.53,0.34,0.62,0.8,0.517
SDT_FluidFlow_775.wav,0.53,0.34,0.68,0.2,0.559
SDT_FluidFlow_776.wav,0.53,0.34,0.68,0.32,0.595
SDT_FluidFlow_777.wav,0.53,0.34,0.68,0.44,0.609
SDT_FluidFlow_778.wav,0.53,0.34,0.68,0.56,0.691
SDT_FluidFlow_779.wav,0.53,0.34,0.68,0.68,0.567
SDT_FluidFlow_780.wav,0.53,0.34,0.68,0.8,0.676
SDT_FluidFlow_781.wav,0.53,0.34,0.74,0.2,0.669
SDT_FluidFlow_782.wav,0.53,0.34,0.74,0.32,0.649
SDT_FluidFlow_783.wav,0.53,0.34,0.74,0.44,0.736
SDT_FluidFlow_784.wav,0.53,0.34,0.74,0.56,0.568
SDT_FluidFlow_785.wav,0.53,0.34,0.74,0.68,0.655
SDT_FluidFlow_786.wav,0.53,0.34,0.74,0.8,0.595
SDT_FluidFlow_787.wav,0.53,0.34,0.8,0.2,0.665
SDT_FluidFlow_788.wav,0.53,0.34,0.8,0.32,0.627
SDT_FluidFlow_789.wav,0.53,0.34,0.8,0.44,0.526
SDT_FluidFlow_790.wav,0.53,0.34,0.8,0.56,0.531
SDT_FluidFlow_791.wav,0.53,0.34,0.8,0.68,0.617
SDT_FluidFlow_792.wav,0.53,0.34,0.8,0.8,0.585
SDT_FluidFlow_793.wav,0.53,0.42,0.5,0.2,0.594
SDT_FluidFlow_794.wav,0.53,0.42,0.5,0.32,0.584
SDT_FluidFlow_795.wav,0.53,0.42,0.5,0.44,0.558
SDT_FluidFlow_796.wav,0.53,0.42,0.5,0.56,0.62
SDT_FluidFlow_797.wav,0.53,0.42,0.5,0.68,0.506
SDT_FluidFlow_798.wav,0.53,0.42,0.5,0.8,0.502
SDT_FluidFlow_799.wav,0.53,0.42,0.56,0.2,0.691
SDT_FluidFlow_800.wav,0.53,0.42,0.56,0.32,0.607
SDT_FluidFlow_801.wav,0.53,0.42,0.56,0.44,0.619
SDT_FluidFlow_802.wav,0.53,0.42,0.56,0.56,0.571
SDT_FluidFlow_803.wav,0.53,0.42,0.56,0.68,0.65
SDT_FluidFlow_804.wav,0.53,0.42,0.56,0.8,0.742
SDT_FluidFlow_805.wav,0.53,0.42,0.62,0.2,0.522
SDT_FluidFlow_806.wav,0.53,0.42,0.62,0.32,0.629
SDT_FluidFlow_807.wav,0.53,0.42,0.62,0.44,0.737
SDT_FluidFlow_808.wav,0.53,0.42,0.62,0.56,0.509
SDT_FluidFlow_809.wav,0.53,0.42,0.62,0.68,0.701
SDT_FluidFlow_810.wav,0.53,0.42,0.62,0.8,0.617
SDT_FluidFlow_811.wav,0.53,0.42,0.68,0.2,0.603
SDT_FluidFlow_812.wav,0.53,0.42,0.68,0.32,0.598
SDT_FluidFlow_813.wav,0.53,0.42,0.68,0.44,0.7
SDT_FluidFlow_814.wav,0.53,0.42,0.68,0.56,0.722
SDT_FluidFlow_815.wav,0.53,0.42,0.68,0.68,0.63
SDT_FluidFlow_816.wav,0.53,0.42,0.68,0.8,0.546
SDT_FluidFlow_817.wav,0.53,0.42,0.74,0.2,0.678
SDT_FluidFlow_818.wav,0.53,0.42,0.74,0.32,0.609
SDT_FluidFlow_819.wav,0.53,0.42,0.74,0.44,0.654
SDT_FluidFlow_820.wav,0.53,0.42,0.74,0.56,0.643
SDT_FluidFlow_821.wav,0.53,0.42,0.74,0.68,0.61
SDT_FluidFlow_822.wav,0.53,0.42,0.74,0.8,0.726
SDT_FluidFlow_823.wav,0.53,0.42,0.8,0.2,0.639
SDT_FluidFlow_824.wav,0.53,0.42,0.8,0.32,0.511
SDT_FluidFlow_825.wav,0.53,0.42,0.8,0.44,0.611
SDT_FluidFlow_826.wav,0.53,0.42,0.8,0.56,0.556
SDT_FluidFlow_827.wav,0.53,0.42,0.8,0.68,0.715
SDT_FluidFlow_828.wav,0.53,0.42,0.8,0.8,0.606
SDT_FluidFlow_829.wav,0.53,0.5,0.5,0.2,0.747
SDT_FluidFlow_830.wav,0.53,0.5,0.5,0.32,0.585
SDT_FluidFlow_831.wav,0.53,0.5,0.5,0.44,0.541
SDT_FluidFlow_832.wav,0.53,0.5,0.5,0.56,0.589
SDT_FluidFlow_833.wav,0.53,0.5,0.5,0.68,0.61
SDT_FluidFlow_834.wav,0.53,0.5,0.5,0.8,0.711
SDT_FluidFlow_835.wav,0.53,0.5,0.56,0.2,0.537
SDT_FluidFlow_836.wav,0.53,0.5,0.56,0.32,0.688
SDT_FluidFlow_837.wav,0.53,0.5,0.56,0.44,0.599
SDT_FluidFlow_838.wav,0.53,0.5,0.56,0.56,0.635
SDT_FluidFlow_839.wav,0.53,0.5,0.56,0.68,0.676
SDT_FluidFlow_840.wav,0.53,0.5,0.56,0.8,0.552
SDT_FluidFlow_841.wav,0.53,0.5,0.62,0.2,0.646
SDT_FluidFlow_842.wav,0.53,0.5,0.62,0.32,0.603
SDT_FluidFlow_843.wav,0.53,0.5,0.62,0.44,0.501
SDT_FluidFlow_844.wav,0.53,0.5,0.62,0.56,0.534
SDT_FluidFlow_845.wav,0.53,0.5,0.62,0.68,0.622
SDT_FluidFlow_846.wav,0.53,0.5,0.62,0.8,0.634
SDT_FluidFlow_847.wav,0.53,0.5,0.68,0.2,0.743
SDT_FluidFlow_848.wav,0.53,0.5,0.68,0.32,0.504
SDT_FluidFlow_849.wav,0.53,0.5,0.68,0.44,0.689
SDT_FluidFlow_850.wav,0.53,0.5,0.68,0.56,0.686
SDT_FluidFlow_851.wav,0.53,0.5,0.68,0.68,0.56
SDT_FluidFlow_852.wav,0.53,0.5,0.68,0.8,0.507
SDT_FluidFlow_853.wav,0.53,0.5,0.74,0.2,0.628
SDT_FluidFlow_854.wav,0.53,0.5,0.74,0.32,0.565
SDT_FluidFlow_855.wav,0.53,0.5,0.74,0.44,0.57
SDT_FluidFlow_856.wav,0.53,0.5,0.74,0.56,0.555
SDT_FluidFlow_857.wav,0.53,0.5,0.74,0.68,0.627
SDT_FluidFlow_858.wav,0.53,0.5,0.74,0.8,0.706
SDT_FluidFlow_859.wav,0.53,0.5,0.8,0.2,0.522
SDT_FluidFlow_860.wav,0.53,0.5,0.8,0.32,0.657
SDT_FluidFlow_861.wav,0.53,0.5,0.8,0.44,0.516
SDT_FluidFlow_862.wav,0.53,0.5,0.8,0.56,0.62
SDT_FluidFlow_863.wav,0.53,0.5,0.8,0.68,0.682
SDT_FluidFlow_864.wav,0.53,0.5,0.8,0.8,0.609
SDT_FluidFlow_865.wav,0.64,0.1,0.5,0.2,0.741
SDT_FluidFlow_866.wav,0.64,0.1,0.5,0.32,0.721
SDT_FluidFlow_867.wav,0.64,0.1,0.5,0.44,0.607
SDT_FluidFlow_868.wav,0.64,0.1,0.5,0.56,0.568
SDT_FluidFlow_869.wav,0.64,0.1,0.5,0.68,0.586
SDT_FluidFlow_870.wav,0.64,0.1,0.5,0.8,0.701
SDT_FluidFlow_871.wav,0.64,0.1,0.56,0.2,0.706
SDT_FluidFlow_872.wav,0.64,0.1,0.56,0.32,0.585
SDT_FluidFlow_873.wav,0.64,0.1,0.56,0.44,0.54
SDT_FluidFlow_874.wav,0.64,0.1,0.56,0.56,0.505
SDT_FluidFlow_875.wav,0.64,0.1,0.56,0.68,0.583
SDT_FluidFlow_876.wav,0.64,0.1,0.56,0.8,0.749
SDT_FluidFlow_877.wav,0.64,0.1,0.62,0.2,0.604
SDT_FluidFlow_878.wav,0.64,0.1,0.62,0.32,0.517
SDT_FluidFlow_879.wav,0.64,0.1,0.62,0.44,0.63
SDT_FluidFlow_880.wav,0.64,0.1,0.62,0.56,0.647
SDT_FluidFlow_881.wav,0.64,0.1,0.62,0.68,0.63
SDT_FluidFlow_882.wav,0.64,0.1,0.62,0.8,0.587
SDT_FluidFlow_883.wav,0.64,0.1,0.68,0.2,0.677
SDT_FluidFlow_884.wav,0.64,0.1,0.68,0.32,0.673
SDT_FluidFlow_885.wav,0.64,0.1,0.68,0.44,0.6
SDT_FluidFlow_886.wav,0.64,0.1,0.68,0.56,0.686
SDT_FluidFlow_887.wav,0.64,0.1,0.68,0.68,0.567
SDT_FluidFlow_888.wav,0.64,0.1,0.68,0.8,0.587
SDT_FluidFlow_889.wav,0.64,0.1,0.74,0.2,0.713
SDT_FluidFlow_890.wav,0.64,0.1,0.74,0.32,0.707
SDT_FluidFlow_891.wav,0.64,0.1,0.74,0.44,0.569
SDT_FluidFlow_892.wav,0.64,0.1,0.74,0.56,0.692
SDT_FluidFlow_893.wav,0.64,0.1,0.74,0.68,0.705
SDT_FluidFlow_894.wav,0.64,0.1,0.74,0.8,0.677
SDT_FluidFlow_895.wav,0.64,0.1,0.8,0.2,0.509
SDT_FluidFlow_896.wav,0.64,0.1,0.8,0.32,0.573
SDT_FluidFlow_897.wav,0.64,0.1,0.8,0.44,0.678
SDT_FluidFlow_898.wav,0.64,0.1,0.8,0.56,0.628
SDT_FluidFlow_899.wav,0.64,0.1,0.8,0.68,0.612
SDT_FluidFlow_900.wav,0.64,0.1,0.8,0.8,0.633
SDT_FluidFlow_901.wav,0.64,0.18,0.5,0.2,0.52
SDT_FluidFlow_902.wav,0.64,0.18,0.5,0.32,0.749
SDT_FluidFlow_903.wav,0.64,0.18,0.5,0.44,0.56
SDT_FluidFlow_904.wav,0.64,0.18,0.5,0.56,0.675
SDT_FluidFlow_905.wav,0.64,0.18,0.5,0.68,0.709
SDT_FluidFlow_906.wav,0.64,0.18,0.5,0.8,0.567
SDT_FluidFlow_907.wav,0.64,0.18,0.56,0.2,0.665
SDT_FluidFlow_908.wav,0.64,0.18,0.56,0.32,0.637
SDT_FluidFlow_909.wav,0.64,0.18,0.56,0.44,0.512
SDT_FluidFlow_910.wav,0.64,0.18,0.56,0.56,0.712
SDT_FluidFlow_911.wav,0.64,0.18,0.56,0.68,0.535
SDT_FluidFlow_912.wav,0.64,0.18,0.56,0.8,0.696
SDT_FluidFlow_913.wav,0.64,0.18,0.62,0.2,0.646
SDT_FluidFlow_914.wav,0.64,0.18,0.62,0.32,0.578
SDT_FluidFlow_915.wav,0.64,0.18,0.62,0.44,0.622
SDT_FluidFlow_916.wav,0.64,0.18,0.62,0.56,0.531
SDT_FluidFlow_917.wav,0.64,0.18,0.62,0.68,0.63
SDT_FluidFlow_918.wav,0.64,0.18,0.62,0.8,0.702
SDT_FluidFlow_919.wav,0.64,0.18,0.68,0.2,0.56
SDT_FluidFlow_920.wav,0.64,0.18,0.68,0.32,0.706
SDT_FluidFlow_921.wav,0.64,0.18,0.68,0.44,0.74
SDT_FluidFlow_922.wav,0.64,0.18,0.68,0.56,0.688
SDT_FluidFlow_923.wav,0.64,0.18,0.68,0.68,0.531
SDT_FluidFlow_924.wav,0.64,0.18,0.68,0.8,0.57
SDT_FluidFlow_925.wav,0.64,0.18,0.74,0.2,0.618
SDT_FluidFlow_926.wav,0.64,0.18,0.74,0.32,0.515
SDT_FluidFlow_927.wav,0.64,0.18,0.74,0.44,0.714
SDT_FluidFlow_928.wav,0.64,0.18,0.74,0.56,0.562
SDT_FluidFlow_929.wav,0.64,0.18,0.74,0.68,0.575
SDT_FluidFlow_930.wav,0.64,0.18,0.74,0.8,0.638
SDT_FluidFlow_931.wav,0.64,0.18,0.8,0.2,0.507
SDT_FluidFlow_932.wav,0.64,0.18,0.8,0.32,0.705
SDT_FluidFlow_933.wav,0.64,0.18,0.8,0.44,0.721
SDT_FluidFlow_934.wav,0.64,0.18,0.8,0.56,0.561
SDT_FluidFlow_935.wav,0.64,0.18,0.8,0.68,0.72
SDT_FluidFlow_936.wav,0.64,0.18,0.8,0.8,0.542
SDT_FluidFlow_937.wav,0.64,0.26,0.5,0.2,0.747
SDT_FluidFlow_938.wav,0.64,0.26,0.5,0.32,0.717
SDT_FluidFlow_939.wav,0.64,0.26,0.5,0.44,0.685
SDT_FluidFlow_940.wav,0.64,0.26,0.5,0.56,0.697
SDT_FluidFlow_941.wav,0.64,0.26,0.5,0.68,0.516
SDT_FluidFlow_942.wav,0.64,0.26,0.5,0.8,0.626
SDT_FluidFlow_943.wav,0.64,0.26,0.56,0.2,0.633
SDT_FluidFlow_944.wav,0.64,0.26,0.56,0.32,0.532
SDT_FluidFlow_945.wav,0.64,0.26,0.56,0.44,0.503
SDT_FluidFlow_946.wav,0.64,0.26,0.56,0.56,0.52
SDT_FluidFlow_947.wav,0.64,0.26,0.56,0.68,0.746
SDT_FluidFlow_948.wav,0.64,0.26,0.56,0.8,0.613
SDT_FluidFlow_949.wav,0.64,0.26,0.62,0.2,0.603
SDT_FluidFlow_950.wav,0.64,0.26,0.62,0.32,0.599
SDT_FluidFlow_951.wav,0.64,0.26,0.62,0.44,0.723
SDT_FluidFlow_952.wav,0.64,0.26,0.62,0.56,0.561
SDT_FluidFlow_953.wav,0.64,0.26,0.62,0.68,0.511
SDT_FluidFlow_954.wav,0.64,0.26,0.62,0.8,0.628
SDT_FluidFlow_955.wav,0.64,0.26,0.68,0.2,0.612
SDT_FluidFlow_956.wav,0.64,0.26,0.68,0.32,0.694
SDT_FluidFlow_957.wav,0.64,0.26,0.68,0.44,0.534
SDT_FluidFlow_958.wav,0.64,0.26,0.68,0.56,0.627
SDT_FluidFlow_959.wav,0.64,0.26,0.68,0.68,0.537
SDT_FluidFlow_960.wav,0.64,0.26,0.68,0.8,0.592
SDT_FluidFlow_961.wav,0.64,0.26,0.74,0.2,0.625
SDT_FluidFlow_962.wav,0.64,0.26,0.74,0.32,0.533
SDT_FluidFlow_963.wav,0.64,0.26,0.74,0.44,0.684
SDT_FluidFlow_964.wav,0.64,0.26,0.74,0.56,0.55
SDT_FluidFlow_965.wav,0.64,0.26,0.74,0.68,0.618
SDT_FluidFlow_966.wav,0.64,0.26,0.74,0.8,0.619
SDT_FluidFlow_967.wav,0.64,0.26,0.8,0.2,0.702
SDT_FluidFlow_968.wav,0.64,0.26,0.8,0.32,0.587
SDT_FluidFlow_969.wav,0.64,0.26,0.8,0.44,0.595
SDT_FluidFlow_970.wav,0.64,0.26,0.8,0.56,0.674
SDT_FluidFlow_971.wav,0.64,0.26,0.8,0.68,0.669
SDT_FluidFlow_972.wav,0.64,0.26,0.8,0.8,0.711
SDT_FluidFlow_973.wav,0.64,0.34,0.5,0.2,0.554
SDT_FluidFlow_974.wav,0.64,0.34,0.5,0.32,0.627
SDT_FluidFlow_975.wav,0.64,0.34,0.5,0.44,0.629
SDT_FluidFlow_976.wav,0.64,0.34,0.5,0.56,0.694
SDT_FluidFlow_977.wav,0.64,0.34,0.5,0.68,0.707
SDT_FluidFlow_978.wav,0.64,0.34,0.5,0.8,0.585
SDT_FluidFlow_979.wav,0.64,0.34,0.56,0.2,0.614
SDT_FluidFlow_980.wav,0.64,0.34,0.56,0.32,0.513
SDT_FluidFlow_981.wav,0.64,0.34,0.56,0.44,0.742
SDT_FluidFlow_982.wav,0.64,0.34,0.56,0.56,0.517
SDT_FluidFlow_983.wav,0.64,0.34,0.56,0.68,0.526
SDT_FluidFlow_984.wav,0.64,0.34,0.56,0.8,0.698
SDT_FluidFlow_985.wav,0.64,0.34,0.62,0.2,0.718
SDT_FluidFlow_986.wav,0.64,0.34,0.62,0.32,0.546
SDT_FluidFlow_987.wav,0.64,0.34,0.62,0.44,0.741
SDT_FluidFlow_988.wav,0.64,0.34,0.62,0.56,0.703
SDT_FluidFlow_989.wav,0.64,0.34,0.62,0.68,0.748
SDT_FluidFlow_990.wav,0.64,0.34,0.62,0.8,0.652
SDT_FluidFlow_991.wav,0.64,0.34,0.68,0.2,0.708
SDT_FluidFlow_992.wav,0.64,0.34,0.68,0.32,0.706
SDT_FluidFlow_993.wav,0.64,0.34,0.68,0.44,0.625
SDT_FluidFlow_994.wav,0.64,0.34,0.68,0.56,0.589
SDT_FluidFlow_995.wav,0.64,0.34,0.68,0.68,0.696
SDT_FluidFlow_996.wav,0.64,0.34,0.68,0.8,0.692
SDT_FluidFlow_997.wav,0.64,0.34,0.74,0.2,0.633
SDT_FluidFlow_998.wav,0.64,0.34,0.74,0.32,0.552
SDT_FluidFlow_999.wav,0.64,0.34,0.74,0.44,0.549
SDT_FluidFlow_1000.wav,0.64,0.34,0.74,0.56,0.545
SDT_FluidFlow_1001.wav,0.64,0.34,0.74,0.68,0.653
SDT_FluidFlow_1002.wav,0.64,0.34,0.74,0.8,0.647
SDT_FluidFlow_1003.wav,0.64,0.34,0.8,0.2,0.715
SDT_FluidFlow_1004.wav,0.64,0.34,0.8,0.32,0.514
SDT_FluidFlow_1005.wav,0.64,0.34,0.8,0.44,0.508
SDT_FluidFlow_1006.wav,0.64,0.34,0.8,0.56,0.733
SDT_FluidFlow_1007.wav,0.64,0.34,0.8,0.68,0.605
SDT_FluidFlow_1008.wav,0.64,0.34,0.8,0.8,0.729
SDT_FluidFlow_1009.wav,0.64,0.42,0.5,0.2,0.655
SDT_FluidFlow_1010.wav,0.64,0.42,0.5,0.32,0.585
SDT_FluidFlow_1011.wav,0.64,0.42,0.5,0.44,0.745
SDT_FluidFlow_1012.wav,0.64,0.42,0.5,0.56,0.569
SDT_FluidFlow_1013.wav,0.64,0.42,0.5,0.68,0.652
SDT_FluidFlow_1014.wav,0.64,0.42,0.5,0.8,0.724
SDT_FluidFlow_1015.wav,0.64,0.42,0.56,0.2,0.701
SDT_FluidFlow_1016.wav,0.64,0.42,0.56,0.32,0.527
SDT_FluidFlow_1017.wav,0.64,0.42,0.56,0.44,0.679
SDT_FluidFlow_1018.wav,0.64,0.42,0.56,0.56,0.605
SDT_FluidFlow_1019.wav,0.64,0.42,0.56,0.68,0.731
SDT_FluidFlow_1020.wav,0.64,0.42,0.56,0.8,0.672
SDT_FluidFlow_1021.wav,0.64,0.42,0.62,0.2,0.694
SDT_FluidFlow_1022.wav,0.64,0.42,0.62,0.32,0.693
SDT_FluidFlow_1023.wav,0.64,0.42,0.62,0.44,0.687
SDT_FluidFlow_1024.wav,0.64,0.42,0.62,0.56,0.672
SDT_FluidFlow_1025.wav,0.64,0.42,0.62,0.68,0.691
SDT_FluidFlow_1026.wav,0.64,0.42,0.62,0.8,0.696
SDT_FluidFlow_1027.wav,0.64,0.42,0.68,0.2,0.627
SDT_FluidFlow_1028.wav,0.64,0.42,0.68,0.32,0.519
SDT_FluidFlow_1029.wav,0.64,0.42,0.68,0.44,0.504
SDT_FluidFlow_1030.wav,0.64,0.42,0.68,0.56,0.535
SDT_FluidFlow_1031.wav,0.64,0.42,0.68,0.68,0.596
SDT_FluidFlow_1032.wav,0.64,0.42,0.68,0.8,0.721
SDT_FluidFlow_1033.wav,0.64,0.42,0.74,0.2,0.705
SDT_FluidFlow_1034.wav,0.64,0.42,0.74,0.32,0.598
SDT_FluidFlow_1035.wav,0.64,0.42,0.74,0.44,0.747
SDT_FluidFlow_1036.wav,0.64,0.42,0.74,0.56,0.603
SDT_FluidFlow_1037.wav,0.64,0.42,0.74,0.68,0.507
SDT_FluidFlow_1038.wav,0.64,0.42,0.74,0.8,0.6
SDT_FluidFlow_1039.wav,0.64,0.42,0.8,0.2,0.676
SDT_FluidFlow_1040.wav,0.64,0.42,0.8,0.32,0.723
SDT_FluidFlow_1041.wav,0.64,0.42,0.8,0.44,0.746
SDT_FluidFlow_1042.wav,0.64,0.42,0.8,0.56,0.709
SDT_FluidFlow_1043.wav,0.64,0.42,0.8,0.68,0.536
SDT_FluidFlow_1044.wav,0.64,0.42,0.8,0.8,0.532
SDT_FluidFlow_1045.wav,0.64,0.5,0.5,0.2,0.739
SDT_FluidFlow_1046.wav,0.64,0.5,0.5,0.32,0.644
SDT_FluidFlow_1047.wav,0.64,0.5,0.5,0.44,0.563
SDT_FluidFlow_1048.wav,0.64,0.5,0.5,0.56,0.502
SDT_FluidFlow_1049.wav,0.64,0.5,0.5,0.68,0.513
SDT_FluidFlow_1050.wav,0.64,0.5,0.5,0.8,0.518
SDT_FluidFlow_1051.wav,0.64,0.5,0.56,0.2,0.571
SDT_FluidFlow_1052.wav,0.64,0.5,0.56,0.32,0.708
SDT_FluidFlow_1053.wav,0.64,0.5,0.56,0.44,0.735
SDT_FluidFlow_1054.wav,0.64,0.5,0.56,0.56,0.583
SDT_FluidFlow_1055.wav,0.64,0.5,0.56,0.68,0.581
SDT_FluidFlow_1056.wav,0.64,0.5,0.56,0.8,0.645
SDT_FluidFlow_1057.wav,0.64,0.5,0.62,0.2,0.593
SDT_FluidFlow_1058.wav,0.64,0.5,0.62,0.32,0.583
SDT_FluidFlow_1059.wav,0.64,0.5,0.62,0.44,0.634
SDT_FluidFlow_1060.wav,0.64,0.5,0.62,0.56,0.579
SDT_FluidFlow_1061.wav,0.64,0.5,0.62,0.68,0.601
SDT_FluidFlow_1062.wav,0.64,0.5,0.62,0.8,0.606
SDT_FluidFlow_1063.wav,0.64,0.5,0.68,0.2,0.555
SDT_FluidFlow_1064.wav,0.64,0.5,0.68,0.32,0.707
SDT_FluidFlow_1065.wav,0.64,0.5,0.68,0.44,0.537
SDT_FluidFlow_1066.wav,0.64,0.5,0.68,0.56,0.539
SDT_FluidFlow_1067.wav,0.64,0.5,0.68,0.68,0.641
SDT_FluidFlow_1068.wav,0.64,0.5,0.68,0.8,0.631
SDT_FluidFlow_1069.wav,0.64,0.5,0.74,0.2,0.588
SDT_FluidFlow_1070.wav,0.64,0.5,0.74,0.32,0.682
SDT_FluidFlow_1071.wav,0.64,0.5,0.74,0.44,0.704
SDT_FluidFlow_1072.wav,0.64,0.5,0.74,0.56,0.726
SDT_FluidFlow_1073.wav,0.64,0.5,0.74,0.68,0.586
SDT_FluidFlow_1074.wav,0.64,0.5,0.74,0.8,0.509
SDT_FluidFlow_1075.wav,0.64,0.5,0.8,0.2,0.744
SDT_FluidFlow_1076.wav,0.64,0.5,0.8,0.32,0.628
SDT_FluidFlow_1077.wav,0.64,0.5,0.8,0.44,0.519
SDT_FluidFlow_1078.wav,0.64,0.5,0.8,0.56,0.609
SDT_FluidFlow_1079.wav,0.64,0.5,0.8,0.68,0.636
SDT_FluidFlow_1080.wav,0.64,0.5,0.8,0.8,0.528
SDT_FluidFlow_1081.wav,0.75,0.1,0.5,0.2,0.59
SDT_FluidFlow_1082.wav,0.75,0.1,0.5,0.32,0.545
SDT_FluidFlow_1083.wav,0.75,0.1,0.5,0.44,0.621
SDT_FluidFlow_1084.wav,0.75,0.1,0.5,0.56,0.737
SDT_FluidFlow_1085.wav,0.75,0.1,0.5,0.68,0.662
SDT_FluidFlow_1086.wav,0.75,0.1,0.5,0.8,0.664
SDT_FluidFlow_1087.wav,0.75,0.1,0.56,0.2,0.722
SDT_FluidFlow_1088.wav,0.75,0.1,0.56,0.32,0.712
SDT_FluidFlow_1089.wav,0.75,0.1,0.56,0.44,0.54
SDT_FluidFlow_1090.wav,0.75,0.1,0.56,0.56,0.685
SDT_FluidFlow_1091.wav,0.75,0.1,0.56,0.68,0.749
SDT_FluidFlow_1092.wav,0.75,0.1,0.56,0.8,0.596
SDT_FluidFlow_1093.wav,0.75,0.1,0.62,0.2,0.72
SDT_FluidFlow_1094.wav,0.75,0.1,0.62,0.32,0.728
SDT_FluidFlow_1095.wav,0.75,0.1,0.62,0.44,0.75
SDT_FluidFlow_1096.wav,0.75,0.1,0.62,0.56,0.744
SDT_FluidFlow_1097.wav,0.75,0.1,0.62,0.68,0.61
SDT_FluidFlow_1098.wav,0.75,0.1,0.62,0.8,0.745
SDT_FluidFlow_1099.wav,0.75,0.1,0.68,0.2,0.716
SDT_FluidFlow_1100.wav,0.75,0.1,0.68,0.32,0.628
SDT_FluidFlow_1101.wav,0.75,0.1,0.68,0.44,0.592
SDT_FluidFlow_1102.wav,0.75,0.1,0.68,0.56,0.553
SDT_FluidFlow_1103.wav,0.75,0.1,0.68,0.68,0.634
SDT_FluidFlow_1104.wav,0.75,0.1,0.68,0.8,0.721
SDT_FluidFlow_1105.wav,0.75,0.1,0.74,0.2,0.56
SDT_FluidFlow_1106.wav,0.75,0.1,0.74,0.32,0.658
SDT_FluidFlow_1107.wav,0.75,0.1,0.74,0.44,0.536
SDT_FluidFlow_1108.wav,0.75,0.1,0.74,0.56,0.638
SDT_FluidFlow_1109.wav,0.75,0.1,0.74,0.68,0.678
SDT_FluidFlow_1110.wav,0.75,0.1,0.74,0.8,0.73
SDT_FluidFlow_1111.wav,0.75,0.1,0.8,0.2,0.673
SDT_FluidFlow_1112.wav,0.75,0.1,0.8,0.32,0.651
SDT_FluidFlow_1113.wav,0.75,0.1,0.8,0.44,0.522
SDT_FluidFlow_1114.wav,0.75,0.1,0.8,0.56,0.553
SDT_FluidFlow_1115.wav,0.75,0.1,0.8,0.68,0.628
SDT_FluidFlow_1116.wav,0.75,0.1,0.8,0.8,0.602
SDT_FluidFlow_1117.wav,0.75,0.18,0.5,0.2,0.511
SDT_FluidFlow_1118.wav,0.75,0.18,0.5,0.32,0.651
SDT_FluidFlow_1119.wav,0.75,0.18,0.5,0.44,0.639
SDT_FluidFlow_1120.wav,0.75,0.18,0.5,0.56,0.625
SDT_FluidFlow_1121.wav,0.75,0.18,0.5,0.68,0.605
SDT_FluidFlow_1122.wav,0.75,0.18,0.5,0.8,0.668
SDT_FluidFlow_1123.wav,0.75,0.18,0.56,0.2,0.718
SDT_FluidFlow_1124.wav,0.75,0.18,0.56,0.32,0.716
SDT_FluidFlow_1125.wav,0.75,0.18,0.56,0.44,0.515
SDT_FluidFlow_1126.wav,0.75,0.18,0.56,0.56,0.691
SDT_FluidFlow_1127.wav,0.75,0.18,0.56,0.68,0.64
SDT_FluidFlow_1128.wav,0.75,0.18,0.56,0.8,0.725
SDT_FluidFlow_1129.wav,0.75,0.18,0.62,0.2,0.62
SDT_FluidFlow_1130.wav,0.75,0.18,0.62,0.32,0.669
SDT_FluidFlow_1131.wav,0.75,0.18,0.62,0.44,0.749
SDT_FluidFlow_1132.wav,0.75,0.18,0.62,0.56,0.523
SDT_FluidFlow_1133.wav,0.75,0.18,0.62,0.68,0.714
SDT_FluidFlow_1134.wav,0.75,0.18,0.62,0.8,0.583
SDT_FluidFlow_1135.wav,0.75,0.18,0.68,0.2,0.649
SDT_FluidFlow_1136.wav,0.75,0.18,0.68,0.32,0.641
SDT_FluidFlow_1137.wav,0.75,0.18,0.68,0.44,0.697
SDT_FluidFlow_1138.wav,0.75,0.18,0.68,0.56,0.683
SDT_FluidFlow_1139.wav,0.75,0.18,0.68,0.68,0.647
SDT_FluidFlow_1140.wav,0.75,0.18,0.68,0.8,0.532
SDT_FluidFlow_1141.wav,0.75,0.18,0.74,0.2,0.736
SDT_FluidFlow_1142.wav,0.75,0.18,0.74,0.32,0.633
SDT_FluidFlow_1143.wav,0.75,0.18,0.74,0.44,0.549
SDT_FluidFlow_1144.wav,0.75,0.18,0.74,0.56,0.727
SDT_FluidFlow_1145.wav,0.75,0.18,0.74,0.68,0.557
SDT_FluidFlow_1146.wav,0.75,0.18,0.74,0.8,0.557
SDT_FluidFlow_1147.wav,0.75,0.18,0.8,0.2,0.576
SDT_FluidFlow_1148.wav,0.75,0.18,0.8,0.32,0.568
SDT_FluidFlow_1149.wav,0.75,0.18,0.8,0.44,0.725
SDT_FluidFlow_1150.wav,0.75,0.18,0.8,0.56,0.744
SDT_FluidFlow_1151.wav,0.75,0.18,0.8,0.68,0.718
SDT_FluidFlow_1152.wav,0.75,0.18,0.8,0.8,0.634
SDT_FluidFlow_1153.wav,0.75,0.26,0.5,0.2,0.532
SDT_FluidFlow_1154.wav,0.75,0.26,0.5,0.32,0.568
SDT_FluidFlow_1155.wav,0.75,0.26,0.5,0.44,0.675
SDT_FluidFlow_1156.wav,0.75,0.26,0.5,0.56,0.717
SDT_FluidFlow_1157.wav,0.75,0.26,0.5,0.68,0.684
SDT_FluidFlow_1158.wav,0.75,0.26,0.5,0.8,0.536
SDT_FluidFlow_1159.wav,0.75,0.26,0.56,0.2,0.644
SDT_FluidFlow_1160.wav,0.75,0.26,0.56,0.32,0.532
SDT_FluidFlow_1161.wav,0.75,0.26,0.56,0.44,0.51
SDT_FluidFlow_1162.wav,0.75,0.26,0.56,0.56,0.555
SDT_FluidFlow_1163.wav,0.75,0.26,0.56,0.68,0.579
SDT_FluidFlow_1164.wav,0.75,0.26,0.56,0.8,0.558
SDT_FluidFlow_1165.wav,0.75,0.26,0.62,0.2,0.683
SDT_FluidFlow_1166.wav,0.75,0.26,0.62,0.32,0.547
SDT_FluidFlow_1167.wav,0.75,0.26,0.62,0.44,0.568
SDT_FluidFlow_1168.wav,0.75,0.26,0.62,0.56,0.742
SDT_FluidFlow_1169.wav,0.75,0.26,0.62,0.68,0.638
SDT_FluidFlow_1170.wav,0.75,0.26,0.62,0.8,0.594
SDT_FluidFlow_1171.wav,0.75,0.26,0.68,0.2,0.727
SDT_FluidFlow_1172.wav,0.75,0.26,0.68,0.32,0.713
SDT_FluidFlow_1173.wav,0.75,0.26,0.68,0.44,0.729
SDT_FluidFlow_1174.wav,0.75,0.26,0.68,0.56,0.606
SDT_FluidFlow_1175.wav,0.75,0.26,0.68,0.68,0.634
SDT_FluidFlow_1176.wav,0.75,0.26,0.68,0.8,0.544
SDT_FluidFlow_1177.wav,0.75,0.26,0.74,0.2,0.61
SDT_FluidFlow_1178.wav,0.75,0.26,0.74,0.32,0.628
SDT_FluidFlow_1179.wav,0.75,0.26,0.74,0.44,0.716
SDT_FluidFlow_1180.wav,0.75,0.26,0.74,0.56,0.596
SDT_FluidFlow_1181.wav,0.75,0.26,0.74,0.68,0.677
SDT_FluidFlow_1182.wav,0.75,0.26,0.74,0.8,0.538
SDT_FluidFlow_1183.wav,0.75,0.26,0.8,0.2,0.654
SDT_FluidFlow_1184.wav,0.75,0.26,0.8,0.32,0.644
SDT_FluidFlow_1185.wav,0.75,0.26,0.8,0.44,0.617
SDT_FluidFlow_1186.wav,0.75,0.26,0.8,0.56,0.522
SDT_FluidFlow_1187.wav,0.75,0.26,0.8,0.68,0.53
SDT_FluidFlow_1188.wav,0.75,0.26,0.8,0.8,0.687
SDT_FluidFlow_1189.wav,0.75,0.34,0.5,0.2,0.55
SDT_FluidFlow_1190.wav,0.75,0.34,0.5,0.32,0.65
SDT_FluidFlow_1191.wav,0.75,0.34,0.5,0.44,0.722
SDT_FluidFlow_1192.wav,0.75,0.34,0.5,0.56,0.631
SDT_FluidFlow_1193.wav,0.75,0.34,0.5,0.68,0.523
SDT_FluidFlow_1194.wav,0.75,0.34,0.5,0.8,0.525
SDT_FluidFlow_1195.wav,0.75,0.34,0.56,0.2,0.549
SDT_FluidFlow_1196.wav,0.75,0.34,0.56,0.32,0.66
SDT_FluidFlow_1197.wav,0.75,0.34,0.56,0.44,0.599
SDT_FluidFlow_1198.wav,0.75,0.34,0.56,0.56,0.566
SDT_FluidFlow_1199.wav,0.75,0.34,0.56,0.68,0.66
SDT_FluidFlow_1200.wav,0.75,0.34,0.56,0.8,0.507
SDT_FluidFlow_1201.wav,0.75,0.34,0.62,0.2,0.692
SDT_FluidFlow_1202.wav,0.75,0.34,0.62,0.32,0.661
SDT_FluidFlow_1203.wav,0.75,0.34,0.62,0.44,0.61
SDT_FluidFlow_1204.wav,0.75,0.34,0.62,0.56,0.553
SDT_FluidFlow_1205.wav,0.75,0.34,0.62,0.68,0.559
SDT_FluidFlow_1206.wav,0.75,0.34,0.62,0.8,0.651
SDT_FluidFlow_1207.wav,0.75,0.34,0.68,0.2,0.573
SDT_FluidFlow_1208.wav,0.75,0.34,0.68,0.32,0.68
SDT_FluidFlow_1209.wav,0.75,0.34,0.68,0.44,0.679
SDT_FluidFlow_1210.wav,0.75,0.34,0.68,0.56,0.522
SDT_FluidFlow_1211.wav,0.75,0.34,0.68,0.68,0.624
SDT_FluidFlow_1212.wav,0.75,0.34,0.68,0.8,0.664
SDT_FluidFlow_1213.wav,0.75,0.34,0.74,0.2,0.534
SDT_FluidFlow_1214.wav,0.75,0.34,0.74,0.32,0.56
SDT_FluidFlow_1215.wav,0.75,0.34,0.74,0.44,0.571
SDT_FluidFlow_1216.wav,0.75,0.34,0.74,0.56,0.658
SDT_FluidFlow_1217.wav,0.75,0.34,0.74,0.68,0.536
SDT_FluidFlow_1218.wav,0.75,0.34,0.74,0.8,0.58
SDT_FluidFlow_1219.wav,0.75,0.34,0.8,0.2,0.59
SDT_FluidFlow_1220.wav,0.75,0.34,0.8,0.32,0.548
SDT_FluidFlow_1221.wav,0.75,0.34,0.8,0.44,0.63
SDT_FluidFlow_1222.wav,0.75,0.34,0.8,0.56,0.681
SDT_FluidFlow_1223.wav,0.75,0.34,0.8,0.68,0.509
SDT_FluidFlow_1224.wav,0.75,0.34,0.8,0.8,0.572
SDT_FluidFlow_1225.wav,0.75,0.42,0.5,0.2,0.632
SDT_FluidFlow_1226.wav,0.75,0.42,0.5,0.32,0.622
SDT_FluidFlow_1227.wav,0.75,0.42,0.5,0.44,0.537
SDT_FluidFlow_1228.wav,0.75,0.42,0.5,0.56,0.566
SDT_FluidFlow_1229.wav,0.75,0.42,0.5,0.68,0.735
SDT_FluidFlow_1230.wav,0.75,0.42,0.5,0.8,0.729
SDT_FluidFlow_1231.wav,0.75,0.42,0.56,0.2,0.734
SDT_FluidFlow_1232.wav,0.75,0.42,0.56,0.32,0.575
SDT_FluidFlow_1233.wav,0.75,0.42,0.56,0.44,0.521
SDT_FluidFlow_1234.wav,0.75,0.42,0.56,0.56,0.732
SDT_FluidFlow_1235.wav,0.75,0.42,0.56,0.68,0.561
SDT_FluidFlow_1236.wav,0.75,0.42,0.56,0.8,0.715
SDT_FluidFlow_1237.wav,0.75,0.42,0.62,0.2,0.647
SDT_FluidFlow_1238.wav,0.75,0.42,0.62,0.32,0.565
SDT_FluidFlow_1239.wav,0.75,0.42,0.62,0.44,0.676
SDT_FluidFlow_1240.wav,0.75,0.42,0.62,0.56,0.541
SDT_FluidFlow_1241.wav,0.75,0.42,0.62,0.68,0.67
SDT_FluidFlow_1242.wav,0.75,0.42,0.62,0.8,0.682
SDT_FluidFlow_1243.wav,0.75,0.42,0.68,0.2,0.739
SDT_FluidFlow_1244.wav,0.75,0.42,0.68,0.32,0.657
SDT_FluidFlow_1245.wav,0.75,0.42,0.68,0.44,0.536
SDT_FluidFlow_1246.wav,0.75,0.42,0.68,0.56,0.692
SDT_FluidFlow_1247.wav,0.75,0.42,0.68,0.68,0.659
SDT_FluidFlow_1248.wav,0.75,0.42,0.68,0.8,0.691
SDT_FluidFlow_1249.wav,0.75,0.42,0.74,0.2,0.655
SDT_FluidFlow_1250.wav,0.75,0.42,0.74,0.32,0.57
SDT_FluidFlow_1251.wav,0.75,0.42,0.74,0.44,0.617
SDT_FluidFlow_1252.wav,0.75,0.42,0.74,0.56,0.645
SDT_FluidFlow_1253.wav,0.75,0.42,0.74,0.68,0.677
SDT_FluidFlow_1254.wav,0.75,0.42,0.74,0.8,0.745
SDT_FluidFlow_1255.wav,0.75,0.42,0.8,0.2,0.583
SDT_FluidFlow_1256.wav,0.75,0.42,0.8,0.32,0.598
SDT_FluidFlow_1257.wav,0.75,0.42,0.8,0.44,0.574
SDT_FluidFlow_1258.wav,0.75,0.42,0.8,0.56,0.694
SDT_FluidFlow_1259.wav,0.75,0.42,0.8,0.68,0.536
SDT_FluidFlow_1260.wav,0.75,0.42,0.8,0.8,0.553
SDT_FluidFlow_1261.wav,0.75,0.5,0.5,0.2,0.719
SDT_FluidFlow_1262.wav,0.75,0.5,0.5,0.32,0.605
SDT_FluidFlow_1263.wav,0.75,0.5,0.5,0.44,0.745
SDT_FluidFlow_1264.wav,0.75,0.5,0.5,0.56,0.679
SDT_FluidFlow_1265.wav,0.75,0.5,0.5,0.68,0.747
SDT_FluidFlow_1266.wav,0.75,0.5,0.5,0.8,0.575
SDT_FluidFlow_1267.wav,0.75,0.5,0.56,0.2,0.659
SDT_FluidFlow_1268.wav,0.75,0.5,0.56,0.32,0.662
SDT_FluidFlow_1269.wav,0.75,0.5,0.56,0.44,0.577
SDT_FluidFlow_1270.wav,0.75,0.5,0.56,0.56,0.612
SDT_FluidFlow_1271.wav,0.75,0.5,0.56,0.68,0.661
SDT_FluidFlow_1272.wav,0.75,0.5,0.56,0.8,0.694
SDT_FluidFlow_1273.wav,0.75,0.5,0.62,0.2,0.656
SDT_FluidFlow_1274.wav,0.75,0.5,0.62,0.32,0.653
SDT_FluidFlow_1275.wav,0.75,0.5,0.62,0.44,0.629
SDT_FluidFlow_1276.wav,0.75,0.5,0.62,0.56,0.502
SDT_FluidFlow_1277.wav,0.75,0.5,0.62,0.68,0.596
SDT_FluidFlow_1278.wav,0.75,0.5,0.62,0.8,0.621
SDT_FluidFlow_1279.wav,0.75,0.5,0.68,0.2,0.629
SDT_FluidFlow_1280.wav,0.75,0.5,0.68,0.32,0.624
SDT_FluidFlow_1281.wav,0.75,0.5,0.68,0.44,0.543
SDT_FluidFlow_1282.wav,0.75,0.5,0.68,0.56,0.585
SDT_FluidFlow_1283.wav,0.75,0.5,0.68,0.68,0.715
SDT_FluidFlow_1284.wav,0.75,0.5,0.68,0.8,0.508
SDT_FluidFlow_1285.wav,0.75,0.5,0.74,0.2,0.656
SDT_FluidFlow_1286.wav,0.75,0.5,0.74,0.32,0.583
SDT_FluidFlow_1287.wav,0.75,0.5,0.74,0.44,0.532
SDT_FluidFlow_1288.wav,0.75,0.5,0.74,0.56,0.562
SDT_FluidFlow_1289.wav,0.75,0.5,0.74,0.68,0.728
SDT_FluidFlow_1290.wav,0.75,0.5,0.74,0.8,0.672
SDT_FluidFlow_1291.wav,0.75,0.5,0.8,0.2,0.712
SDT_FluidFlow_1292.wav,0.75,0.5,0.8,0.32,0.646
SDT_FluidFlow_1293.wav,0.75,0.5,0.8,0.44,0.639
SDT_FluidFlow_1294.wav,0.75,0.5,0.8,0.56,0.524
SDT_FluidFlow_1295.wav,0.75,0.5,0.8,0.68,0.631
SDT_FluidFlow_1296.wav,0.75,0.5,0.8,0.8,0.664
